id_subsistema,nom_subsistema,din_instante,val_cargaenergiamwmed,ano,mes,dia,dia_semana
N,Norte,2024-01-01,6532.98604167,2024,1,1,0
NE,Nordeste,2024-01-01,11658.74008333,2024,1,1,0
S,Sul,2024-01-01,10472.40329167,2024,1,1,0
SE,Sudeste/Centro-Oeste,2024-01-01,35089.38670833,2024,1,1,0
N,Norte,2024-01-02,7154.33433333,2024,1,2,1
NE,Nordeste,2024-01-02,12642.99208333,2024,1,2,1
S,Sul,2024-01-02,12956.08525,2024,1,2,1
SE,Sudeste/Centro-Oeste,2024-01-02,41347.51754167,2024,1,2,1
N,Norte,2024-01-03,7160.81108333,2024,1,3,2
NE,Nordeste,2024-01-03,13147.95679167,2024,1,3,2
S,Sul,2024-01-03,13443.96695833,2024,1,3,2
SE,Sudeste/Centro-Oeste,2024-01-03,44219.5455,2024,1,3,2
N,Norte,2024-01-04,7281.33133333,2024,1,4,3
NE,Nordeste,2024-01-04,13448.05870833,2024,1,4,3
S,Sul,2024-01-04,13904.14791667,2024,1,4,3
SE,Sudeste/Centro-Oeste,2024-01-04,43571.44904167,2024,1,4,3
N,Norte,2024-01-05,7307.109875,2024,1,5,4
NE,Nordeste,2024-01-05,13562.10008333,2024,1,5,4
S,Sul,2024-01-05,13813.90220833,2024,1,5,4
SE,Sudeste/Centro-Oeste,2024-01-05,43669.79008333,2024,1,5,4
N,Norte,2024-01-06,6966.52754167,2024,1,6,5
NE,Nordeste,2024-01-06,12986.91875,2024,1,6,5
S,Sul,2024-01-06,13046.68654167,2024,1,6,5
SE,Sudeste/Centro-Oeste,2024-01-06,41671.46645833,2024,1,6,5
N,Norte,2024-01-07,6636.06170833,2024,1,7,6
NE,Nordeste,2024-01-07,12055.47520833,2024,1,7,6
S,Sul,2024-01-07,12846.31095833,2024,1,7,6
SE,Sudeste/Centro-Oeste,2024-01-07,39885.6,2024,1,7,6
N,Norte,2024-01-08,7288.127375,2024,1,8,0
NE,Nordeste,2024-01-08,13516.60504167,2024,1,8,0
S,Sul,2024-01-08,16220.4935,2024,1,8,0
SE,Sudeste/Centro-Oeste,2024-01-08,47088.04725,2024,1,8,0
N,Norte,2024-01-09,7423.89466667,2024,1,9,1
NE,Nordeste,2024-01-09,13660.09445833,2024,1,9,1
S,Sul,2024-01-09,16444.15704167,2024,1,9,1
SE,Sudeste/Centro-Oeste,2024-01-09,48753.35779167,2024,1,9,1
N,Norte,2024-01-10,7339.053625,2024,1,10,2
NE,Nordeste,2024-01-10,13755.18645833,2024,1,10,2
S,Sul,2024-01-10,16393.82204167,2024,1,10,2
SE,Sudeste/Centro-Oeste,2024-01-10,49302.80891667,2024,1,10,2
N,Norte,2024-01-11,7405.88520833,2024,1,11,3
NE,Nordeste,2024-01-11,13402.46866667,2024,1,11,3
S,Sul,2024-01-11,16248.09295833,2024,1,11,3
SE,Sudeste/Centro-Oeste,2024-01-11,49274.867125,2024,1,11,3
N,Norte,2024-01-12,7008.273625,2024,1,12,4
NE,Nordeste,2024-01-12,13248.26233333,2024,1,12,4
S,Sul,2024-01-12,15124.02966667,2024,1,12,4
SE,Sudeste/Centro-Oeste,2024-01-12,48741.83491667,2024,1,12,4
N,Norte,2024-01-13,6799.208,2024,1,13,5
NE,Nordeste,2024-01-13,12791.705,2024,1,13,5
S,Sul,2024-01-13,13041.35433333,2024,1,13,5
SE,Sudeste/Centro-Oeste,2024-01-13,43804.58725,2024,1,13,5
N,Norte,2024-01-14,6550.80483333,2024,1,14,6
NE,Nordeste,2024-01-14,11886.52841667,2024,1,14,6
S,Sul,2024-01-14,12259.44625,2024,1,14,6
SE,Sudeste/Centro-Oeste,2024-01-14,39828.23358333,2024,1,14,6
N,Norte,2024-01-15,7141.938625,2024,1,15,0
NE,Nordeste,2024-01-15,13194.50633333,2024,1,15,0
S,Sul,2024-01-15,15929.24416667,2024,1,15,0
SE,Sudeste/Centro-Oeste,2024-01-15,47654.45770833,2024,1,15,0
N,Norte,2024-01-16,7395.842,2024,1,16,1
NE,Nordeste,2024-01-16,13475.434125,2024,1,16,1
S,Sul,2024-01-16,16750.95583333,2024,1,16,1
SE,Sudeste/Centro-Oeste,2024-01-16,50529.63791667,2024,1,16,1
N,Norte,2024-01-17,7491.49095833,2024,1,17,2
NE,Nordeste,2024-01-17,13518.592875,2024,1,17,2
S,Sul,2024-01-17,15124.07983333,2024,1,17,2
SE,Sudeste/Centro-Oeste,2024-01-17,52372.05279167,2024,1,17,2
N,Norte,2024-01-18,7632.63070833,2024,1,18,3
NE,Nordeste,2024-01-18,13819.7515,2024,1,18,3
S,Sul,2024-01-18,15210.248625,2024,1,18,3
SE,Sudeste/Centro-Oeste,2024-01-18,52148.09675,2024,1,18,3
N,Norte,2024-01-19,7646.45195833,2024,1,19,4
NE,Nordeste,2024-01-19,14004.02408333,2024,1,19,4
S,Sul,2024-01-19,15729.93145833,2024,1,19,4
SE,Sudeste/Centro-Oeste,2024-01-19,50865.76783333,2024,1,19,4
N,Norte,2024-01-20,7480.74970833,2024,1,20,5
NE,Nordeste,2024-01-20,13331.42579167,2024,1,20,5
S,Sul,2024-01-20,13397.92066667,2024,1,20,5
SE,Sudeste/Centro-Oeste,2024-01-20,46177.41875,2024,1,20,5
N,Norte,2024-01-21,7167.19075,2024,1,21,6
NE,Nordeste,2024-01-21,12633.48145833,2024,1,21,6
S,Sul,2024-01-21,11189.19004167,2024,1,21,6
SE,Sudeste/Centro-Oeste,2024-01-21,41566.55754167,2024,1,21,6
N,Norte,2024-01-22,7761.66029167,2024,1,22,0
NE,Nordeste,2024-01-22,13863.35375,2024,1,22,0
S,Sul,2024-01-22,13890.41725,2024,1,22,0
SE,Sudeste/Centro-Oeste,2024-01-22,46605.74795833,2024,1,22,0
N,Norte,2024-01-23,7699.55041667,2024,1,23,1
NE,Nordeste,2024-01-23,13774.123625,2024,1,23,1
S,Sul,2024-01-23,13685.83679167,2024,1,23,1
SE,Sudeste/Centro-Oeste,2024-01-23,45079.24766667,2024,1,23,1
N,Norte,2024-01-24,7711.86191667,2024,1,24,2
NE,Nordeste,2024-01-24,13683.66466667,2024,1,24,2
S,Sul,2024-01-24,13615.23191667,2024,1,24,2
SE,Sudeste/Centro-Oeste,2024-01-24,43284.57195833,2024,1,24,2
N,Norte,2024-01-25,7650.75745833,2024,1,25,3
NE,Nordeste,2024-01-25,13468.112,2024,1,25,3
S,Sul,2024-01-25,13522.8515,2024,1,25,3
SE,Sudeste/Centro-Oeste,2024-01-25,43757.73995833,2024,1,25,3
N,Norte,2024-01-26,7429.98533333,2024,1,26,4
NE,Nordeste,2024-01-26,13241.90825,2024,1,26,4
S,Sul,2024-01-26,13542.64075,2024,1,26,4
SE,Sudeste/Centro-Oeste,2024-01-26,43791.18370833,2024,1,26,4
N,Norte,2024-01-27,7104.5715,2024,1,27,5
NE,Nordeste,2024-01-27,12531.60516667,2024,1,27,5
S,Sul,2024-01-27,12044.583875,2024,1,27,5
SE,Sudeste/Centro-Oeste,2024-01-27,41296.46770833,2024,1,27,5
N,Norte,2024-01-28,6890.67525,2024,1,28,6
NE,Nordeste,2024-01-28,11874.038375,2024,1,28,6
S,Sul,2024-01-28,10774.57245833,2024,1,28,6
SE,Sudeste/Centro-Oeste,2024-01-28,38599.28908333,2024,1,28,6
N,Norte,2024-01-29,7419.343125,2024,1,29,0
NE,Nordeste,2024-01-29,13200.71308333,2024,1,29,0
S,Sul,2024-01-29,13961.6175,2024,1,29,0
SE,Sudeste/Centro-Oeste,2024-01-29,45468.98858333,2024,1,29,0
N,Norte,2024-01-30,7580.88179167,2024,1,30,1
NE,Nordeste,2024-01-30,13476.21433333,2024,1,30,1
S,Sul,2024-01-30,15170.66333333,2024,1,30,1
SE,Sudeste/Centro-Oeste,2024-01-30,48471.38341667,2024,1,30,1
N,Norte,2024-01-31,7701.114875,2024,1,31,2
NE,Nordeste,2024-01-31,13514.50245833,2024,1,31,2
S,Sul,2024-01-31,15746.21908333,2024,1,31,2
SE,Sudeste/Centro-Oeste,2024-01-31,48499.53533333,2024,1,31,2
N,Norte,2024-02-01,7495.90470833,2024,2,1,3
NE,Nordeste,2024-02-01,13471.78633333,2024,2,1,3
S,Sul,2024-02-01,16537.46783333,2024,2,1,3
SE,Sudeste/Centro-Oeste,2024-02-01,46332.35483333,2024,2,1,3
N,Norte,2024-02-02,7230.81375,2024,2,2,4
NE,Nordeste,2024-02-02,13569.51729167,2024,2,2,4
S,Sul,2024-02-02,16187.34916667,2024,2,2,4
SE,Sudeste/Centro-Oeste,2024-02-02,46179.21675,2024,2,2,4
N,Norte,2024-02-03,7089.44795833,2024,2,3,5
NE,Nordeste,2024-02-03,12688.24270833,2024,2,3,5
S,Sul,2024-02-03,14604.34329167,2024,2,3,5
SE,Sudeste/Centro-Oeste,2024-02-03,43072.395,2024,2,3,5
N,Norte,2024-02-04,7061.08316667,2024,2,4,6
NE,Nordeste,2024-02-04,12327.98645833,2024,2,4,6
S,Sul,2024-02-04,13850.249125,2024,2,4,6
SE,Sudeste/Centro-Oeste,2024-02-04,39828.767125,2024,2,4,6
N,Norte,2024-02-05,7606.80395833,2024,2,5,0
NE,Nordeste,2024-02-05,13811.29895833,2024,2,5,0
S,Sul,2024-02-05,17197.22233333,2024,2,5,0
SE,Sudeste/Centro-Oeste,2024-02-05,46477.004875,2024,2,5,0
N,Norte,2024-02-06,7545.1895,2024,2,6,1
NE,Nordeste,2024-02-06,14042.06320833,2024,2,6,1
S,Sul,2024-02-06,17854.349375,2024,2,6,1
SE,Sudeste/Centro-Oeste,2024-02-06,48579.47416667,2024,2,6,1
N,Norte,2024-02-07,7736.9605,2024,2,7,2
NE,Nordeste,2024-02-07,14169.58329167,2024,2,7,2
S,Sul,2024-02-07,18150.0915,2024,2,7,2
SE,Sudeste/Centro-Oeste,2024-02-07,49350.12654167,2024,2,7,2
N,Norte,2024-02-08,7816.83895833,2024,2,8,3
NE,Nordeste,2024-02-08,14570.94629167,2024,2,8,3
S,Sul,2024-02-08,17873.15270833,2024,2,8,3
SE,Sudeste/Centro-Oeste,2024-02-08,49188.91533333,2024,2,8,3
N,Norte,2024-02-09,7649.5225,2024,2,9,4
NE,Nordeste,2024-02-09,14036.06108333,2024,2,9,4
S,Sul,2024-02-09,18150.92829167,2024,2,9,4
SE,Sudeste/Centro-Oeste,2024-02-09,49189.53558333,2024,2,9,4
N,Norte,2024-02-10,7132.89829167,2024,2,10,5
NE,Nordeste,2024-02-10,12497.59729167,2024,2,10,5
S,Sul,2024-02-10,15712.07791667,2024,2,10,5
SE,Sudeste/Centro-Oeste,2024-02-10,45133.99816667,2024,2,10,5
N,Norte,2024-02-11,6654.22679167,2024,2,11,6
NE,Nordeste,2024-02-11,11640.84541667,2024,2,11,6
S,Sul,2024-02-11,14433.46154167,2024,2,11,6
SE,Sudeste/Centro-Oeste,2024-02-11,41647.76475,2024,2,11,6
N,Norte,2024-02-12,6940.73933333,2024,2,12,0
NE,Nordeste,2024-02-12,11859.610625,2024,2,12,0
S,Sul,2024-02-12,17158.31254167,2024,2,12,0
SE,Sudeste/Centro-Oeste,2024-02-12,45474.98929167,2024,2,12,0
N,Norte,2024-02-13,6643.53941667,2024,2,13,1
NE,Nordeste,2024-02-13,12269.12620833,2024,2,13,1
S,Sul,2024-02-13,16380.4565,2024,2,13,1
SE,Sudeste/Centro-Oeste,2024-02-13,46484.372875,2024,2,13,1
N,Norte,2024-02-14,7066.49008333,2024,2,14,2
NE,Nordeste,2024-02-14,13072.72645833,2024,2,14,2
S,Sul,2024-02-14,15315.4455,2024,2,14,2
SE,Sudeste/Centro-Oeste,2024-02-14,49026.45725,2024,2,14,2
N,Norte,2024-02-15,7513.876875,2024,2,15,3
NE,Nordeste,2024-02-15,13941.57279167,2024,2,15,3
S,Sul,2024-02-15,15022.87308333,2024,2,15,3
SE,Sudeste/Centro-Oeste,2024-02-15,47618.74120833,2024,2,15,3
N,Norte,2024-02-16,7619.6705,2024,2,16,4
NE,Nordeste,2024-02-16,13724.32645833,2024,2,16,4
S,Sul,2024-02-16,14682.94341667,2024,2,16,4
SE,Sudeste/Centro-Oeste,2024-02-16,46363.42104167,2024,2,16,4
N,Norte,2024-02-17,7329.05704167,2024,2,17,5
NE,Nordeste,2024-02-17,13166.55529167,2024,2,17,5
S,Sul,2024-02-17,13049.961625,2024,2,17,5
SE,Sudeste/Centro-Oeste,2024-02-17,43541.97558333,2024,2,17,5
N,Norte,2024-02-18,6928.51645833,2024,2,18,6
NE,Nordeste,2024-02-18,12482.67929167,2024,2,18,6
S,Sul,2024-02-18,12063.17033333,2024,2,18,6
SE,Sudeste/Centro-Oeste,2024-02-18,40370.63941667,2024,2,18,6
N,Norte,2024-02-19,7480.36570833,2024,2,19,0
NE,Nordeste,2024-02-19,13567.82008333,2024,2,19,0
S,Sul,2024-02-19,15518.01179167,2024,2,19,0
SE,Sudeste/Centro-Oeste,2024-02-19,46299.72083333,2024,2,19,0
N,Norte,2024-02-20,7550.65491667,2024,2,20,1
NE,Nordeste,2024-02-20,13881.06175,2024,2,20,1
S,Sul,2024-02-20,15137.55820833,2024,2,20,1
SE,Sudeste/Centro-Oeste,2024-02-20,46384.9825,2024,2,20,1
N,Norte,2024-02-21,7638.325875,2024,2,21,2
NE,Nordeste,2024-02-21,13421.94766667,2024,2,21,2
S,Sul,2024-02-21,15196.14379167,2024,2,21,2
SE,Sudeste/Centro-Oeste,2024-02-21,45977.23991667,2024,2,21,2
N,Norte,2024-02-22,7454.139,2024,2,22,3
NE,Nordeste,2024-02-22,13354.703625,2024,2,22,3
S,Sul,2024-02-22,15701.445875,2024,2,22,3
SE,Sudeste/Centro-Oeste,2024-02-22,46874.8355,2024,2,22,3
N,Norte,2024-02-23,7446.36070833,2024,2,23,4
NE,Nordeste,2024-02-23,13158.947125,2024,2,23,4
S,Sul,2024-02-23,16726.62220833,2024,2,23,4
SE,Sudeste/Centro-Oeste,2024-02-23,48170.17520833,2024,2,23,4
N,Norte,2024-02-24,7188.98308333,2024,2,24,5
NE,Nordeste,2024-02-24,12389.1185,2024,2,24,5
S,Sul,2024-02-24,14942.71820833,2024,2,24,5
SE,Sudeste/Centro-Oeste,2024-02-24,45402.46233333,2024,2,24,5
N,Norte,2024-02-25,6829.40266667,2024,2,25,6
NE,Nordeste,2024-02-25,11813.21270833,2024,2,25,6
S,Sul,2024-02-25,12985.16179167,2024,2,25,6
SE,Sudeste/Centro-Oeste,2024-02-25,42623.28820833,2024,2,25,6
N,Norte,2024-02-26,7169.10295833,2024,2,26,0
NE,Nordeste,2024-02-26,13024.76204167,2024,2,26,0
S,Sul,2024-02-26,15571.84379167,2024,2,26,0
SE,Sudeste/Centro-Oeste,2024-02-26,49635.51445833,2024,2,26,0
N,Norte,2024-02-27,7305.86445833,2024,2,27,1
NE,Nordeste,2024-02-27,13327.03104167,2024,2,27,1
S,Sul,2024-02-27,15859.429375,2024,2,27,1
SE,Sudeste/Centro-Oeste,2024-02-27,51042.54391667,2024,2,27,1
N,Norte,2024-02-28,7365.14058333,2024,2,28,2
NE,Nordeste,2024-02-28,13601.08425,2024,2,28,2
S,Sul,2024-02-28,16232.65866667,2024,2,28,2
SE,Sudeste/Centro-Oeste,2024-02-28,52291.22429167,2024,2,28,2
N,Norte,2024-02-29,7531.22295833,2024,2,29,3
NE,Nordeste,2024-02-29,13668.13029167,2024,2,29,3
S,Sul,2024-02-29,16227.146125,2024,2,29,3
SE,Sudeste/Centro-Oeste,2024-02-29,52773.42141667,2024,2,29,3
N,Norte,2024-03-01,7642.50725,2024,3,1,4
NE,Nordeste,2024-03-01,14116.10845833,2024,3,1,4
S,Sul,2024-03-01,16015.77733333,2024,3,1,4
SE,Sudeste/Centro-Oeste,2024-03-01,51747.40895833,2024,3,1,4
N,Norte,2024-03-02,7175.49883333,2024,3,2,5
NE,Nordeste,2024-03-02,13371.00766667,2024,3,2,5
S,Sul,2024-03-02,14249.04341667,2024,3,2,5
SE,Sudeste/Centro-Oeste,2024-03-02,45993.24491667,2024,3,2,5
N,Norte,2024-03-03,6827.868,2024,3,3,6
NE,Nordeste,2024-03-03,12329.47516667,2024,3,3,6
S,Sul,2024-03-03,13023.61016667,2024,3,3,6
SE,Sudeste/Centro-Oeste,2024-03-03,42559.980125,2024,3,3,6
N,Norte,2024-03-04,7445.21058333,2024,3,4,0
NE,Nordeste,2024-03-04,13636.422375,2024,3,4,0
S,Sul,2024-03-04,15596.39804167,2024,3,4,0
SE,Sudeste/Centro-Oeste,2024-03-04,49577.122875,2024,3,4,0
N,Norte,2024-03-05,7528.888875,2024,3,5,1
NE,Nordeste,2024-03-05,13554.8805,2024,3,5,1
S,Sul,2024-03-05,14557.17341667,2024,3,5,1
SE,Sudeste/Centro-Oeste,2024-03-05,50691.47954167,2024,3,5,1
N,Norte,2024-03-06,7728.098875,2024,3,6,2
NE,Nordeste,2024-03-06,13251.963875,2024,3,6,2
S,Sul,2024-03-06,14551.97008333,2024,3,6,2
SE,Sudeste/Centro-Oeste,2024-03-06,49464.91445833,2024,3,6,2
N,Norte,2024-03-07,7675.907625,2024,3,7,3
NE,Nordeste,2024-03-07,13338.40041667,2024,3,7,3
S,Sul,2024-03-07,15046.26041667,2024,3,7,3
SE,Sudeste/Centro-Oeste,2024-03-07,49358.57066667,2024,3,7,3
N,Norte,2024-03-08,7590.40525,2024,3,8,4
NE,Nordeste,2024-03-08,13428.6735,2024,3,8,4
S,Sul,2024-03-08,15095.88116667,2024,3,8,4
SE,Sudeste/Centro-Oeste,2024-03-08,49775.20375,2024,3,8,4
N,Norte,2024-03-09,7325.53325,2024,3,9,5
NE,Nordeste,2024-03-09,12988.39779167,2024,3,9,5
S,Sul,2024-03-09,13057.381125,2024,3,9,5
SE,Sudeste/Centro-Oeste,2024-03-09,46587.567875,2024,3,9,5
N,Norte,2024-03-10,7158.4655,2024,3,10,6
NE,Nordeste,2024-03-10,12407.53704167,2024,3,10,6
S,Sul,2024-03-10,11836.18370833,2024,3,10,6
SE,Sudeste/Centro-Oeste,2024-03-10,43117.00454167,2024,3,10,6
N,Norte,2024-03-11,7707.4855,2024,3,11,0
NE,Nordeste,2024-03-11,14099.24254167,2024,3,11,0
S,Sul,2024-03-11,15121.07204167,2024,3,11,0
SE,Sudeste/Centro-Oeste,2024-03-11,48900.86120833,2024,3,11,0
N,Norte,2024-03-12,7916.2675,2024,3,12,1
NE,Nordeste,2024-03-12,14370.43425,2024,3,12,1
S,Sul,2024-03-12,15886.1025,2024,3,12,1
SE,Sudeste/Centro-Oeste,2024-03-12,49386.92804167,2024,3,12,1
N,Norte,2024-03-13,7831.425,2024,3,13,2
NE,Nordeste,2024-03-13,14179.175625,2024,3,13,2
S,Sul,2024-03-13,16660.05325,2024,3,13,2
SE,Sudeste/Centro-Oeste,2024-03-13,50090.29066667,2024,3,13,2
N,Norte,2024-03-14,7819.92666667,2024,3,14,3
NE,Nordeste,2024-03-14,13912.97341667,2024,3,14,3
S,Sul,2024-03-14,17437.519,2024,3,14,3
SE,Sudeste/Centro-Oeste,2024-03-14,51397.81879167,2024,3,14,3
N,Norte,2024-03-15,7677.71745833,2024,3,15,4
NE,Nordeste,2024-03-15,13538.79979167,2024,3,15,4
S,Sul,2024-03-15,17452.365,2024,3,15,4
SE,Sudeste/Centro-Oeste,2024-03-15,52690.84345833,2024,3,15,4
N,Norte,2024-03-16,7131.5675,2024,3,16,5
NE,Nordeste,2024-03-16,13056.25929167,2024,3,16,5
S,Sul,2024-03-16,14942.829375,2024,3,16,5
SE,Sudeste/Centro-Oeste,2024-03-16,49604.18095833,2024,3,16,5
N,Norte,2024-03-17,6922.52654167,2024,3,17,6
NE,Nordeste,2024-03-17,12511.28879167,2024,3,17,6
S,Sul,2024-03-17,12563.37166667,2024,3,17,6
SE,Sudeste/Centro-Oeste,2024-03-17,46388.94645833,2024,3,17,6
N,Norte,2024-03-18,7417.1435,2024,3,18,0
NE,Nordeste,2024-03-18,14001.72695833,2024,3,18,0
S,Sul,2024-03-18,15668.88620833,2024,3,18,0
SE,Sudeste/Centro-Oeste,2024-03-18,52684.78775,2024,3,18,0
N,Norte,2024-03-19,7455.39295833,2024,3,19,1
NE,Nordeste,2024-03-19,13746.05195833,2024,3,19,1
S,Sul,2024-03-19,16591.516375,2024,3,19,1
SE,Sudeste/Centro-Oeste,2024-03-19,52933.50333333,2024,3,19,1
N,Norte,2024-03-20,7521.59208333,2024,3,20,2
NE,Nordeste,2024-03-20,14184.4395,2024,3,20,2
S,Sul,2024-03-20,16995.42804167,2024,3,20,2
SE,Sudeste/Centro-Oeste,2024-03-20,52301.59275,2024,3,20,2
N,Norte,2024-03-21,7406.44370833,2024,3,21,3
NE,Nordeste,2024-03-21,14096.100875,2024,3,21,3
S,Sul,2024-03-21,15510.215125,2024,3,21,3
SE,Sudeste/Centro-Oeste,2024-03-21,52295.17358333,2024,3,21,3
N,Norte,2024-03-22,7336.89854167,2024,3,22,4
NE,Nordeste,2024-03-22,14286.252625,2024,3,22,4
S,Sul,2024-03-22,14062.68783333,2024,3,22,4
SE,Sudeste/Centro-Oeste,2024-03-22,48756.42983333,2024,3,22,4
N,Norte,2024-03-23,7127.440875,2024,3,23,5
NE,Nordeste,2024-03-23,13257.80870833,2024,3,23,5
S,Sul,2024-03-23,11920.63495833,2024,3,23,5
SE,Sudeste/Centro-Oeste,2024-03-23,41761.763375,2024,3,23,5
N,Norte,2024-03-24,6706.92958333,2024,3,24,6
NE,Nordeste,2024-03-24,12227.948875,2024,3,24,6
S,Sul,2024-03-24,10804.50741667,2024,3,24,6
SE,Sudeste/Centro-Oeste,2024-03-24,37607.982625,2024,3,24,6
N,Norte,2024-03-25,7370.35958333,2024,3,25,0
NE,Nordeste,2024-03-25,13473.916,2024,3,25,0
S,Sul,2024-03-25,14373.43020833,2024,3,25,0
SE,Sudeste/Centro-Oeste,2024-03-25,44739.10475,2024,3,25,0
N,Norte,2024-03-26,7604.13020833,2024,3,26,1
NE,Nordeste,2024-03-26,14079.56845833,2024,3,26,1
S,Sul,2024-03-26,14935.07416667,2024,3,26,1
SE,Sudeste/Centro-Oeste,2024-03-26,45221.265375,2024,3,26,1
N,Norte,2024-03-27,7692.52179167,2024,3,27,2
NE,Nordeste,2024-03-27,13972.60654167,2024,3,27,2
S,Sul,2024-03-27,14962.74241667,2024,3,27,2
SE,Sudeste/Centro-Oeste,2024-03-27,44327.22191667,2024,3,27,2
N,Norte,2024-03-28,7277.70475,2024,3,28,3
NE,Nordeste,2024-03-28,13171.08529167,2024,3,28,3
S,Sul,2024-03-28,15399.22920833,2024,3,28,3
SE,Sudeste/Centro-Oeste,2024-03-28,43959.12441667,2024,3,28,3
N,Norte,2024-03-29,6735.12929167,2024,3,29,4
NE,Nordeste,2024-03-29,12091.62666667,2024,3,29,4
S,Sul,2024-03-29,12119.68770833,2024,3,29,4
SE,Sudeste/Centro-Oeste,2024-03-29,39041.09675,2024,3,29,4
N,Norte,2024-03-30,7061.510125,2024,3,30,5
NE,Nordeste,2024-03-30,12712.09033333,2024,3,30,5
S,Sul,2024-03-30,12297.96466667,2024,3,30,5
SE,Sudeste/Centro-Oeste,2024-03-30,40654.91216667,2024,3,30,5
N,Norte,2024-03-31,7082.19033333,2024,3,31,6
NE,Nordeste,2024-03-31,12293.93995833,2024,3,31,6
S,Sul,2024-03-31,11871.30975,2024,3,31,6
SE,Sudeste/Centro-Oeste,2024-03-31,38678.60008333,2024,3,31,6
N,Norte,2024-04-01,7615.02391667,2024,4,1,0
NE,Nordeste,2024-04-01,13886.52316667,2024,4,1,0
S,Sul,2024-04-01,15597.029375,2024,4,1,0
SE,Sudeste/Centro-Oeste,2024-04-01,45272.88979167,2024,4,1,0
N,Norte,2024-04-02,7601.71604167,2024,4,2,1
NE,Nordeste,2024-04-02,14433.83929167,2024,4,2,1
S,Sul,2024-04-02,15712.90058333,2024,4,2,1
SE,Sudeste/Centro-Oeste,2024-04-02,47154.559125,2024,4,2,1
N,Norte,2024-04-03,7616.57145833,2024,4,3,2
NE,Nordeste,2024-04-03,14198.46829167,2024,4,3,2
S,Sul,2024-04-03,15744.73129167,2024,4,3,2
SE,Sudeste/Centro-Oeste,2024-04-03,47561.93979167,2024,4,3,2
N,Norte,2024-04-04,7580.68858333,2024,4,4,3
NE,Nordeste,2024-04-04,13855.92625,2024,4,4,3
S,Sul,2024-04-04,15799.78708333,2024,4,4,3
SE,Sudeste/Centro-Oeste,2024-04-04,48267.06191667,2024,4,4,3
N,Norte,2024-04-05,7381.96433333,2024,4,5,4
NE,Nordeste,2024-04-05,13336.765875,2024,4,5,4
S,Sul,2024-04-05,15073.373,2024,4,5,4
SE,Sudeste/Centro-Oeste,2024-04-05,48347.905625,2024,4,5,4
N,Norte,2024-04-06,7078.737125,2024,4,6,5
NE,Nordeste,2024-04-06,12547.831625,2024,4,6,5
S,Sul,2024-04-06,13070.52025,2024,4,6,5
SE,Sudeste/Centro-Oeste,2024-04-06,43797.016625,2024,4,6,5
N,Norte,2024-04-07,6859.68033333,2024,4,7,6
NE,Nordeste,2024-04-07,11876.8695,2024,4,7,6
S,Sul,2024-04-07,11150.56420833,2024,4,7,6
SE,Sudeste/Centro-Oeste,2024-04-07,40353.46470833,2024,4,7,6
N,Norte,2024-04-08,7557.79983333,2024,4,8,0
NE,Nordeste,2024-04-08,13375.40154167,2024,4,8,0
S,Sul,2024-04-08,14285.81333333,2024,4,8,0
SE,Sudeste/Centro-Oeste,2024-04-08,46739.43895833,2024,4,8,0
N,Norte,2024-04-09,7575.77045833,2024,4,9,1
NE,Nordeste,2024-04-09,13438.24275,2024,4,9,1
S,Sul,2024-04-09,15013.89670833,2024,4,9,1
SE,Sudeste/Centro-Oeste,2024-04-09,47833.23545833,2024,4,9,1
N,Norte,2024-04-10,7529.79591667,2024,4,10,2
NE,Nordeste,2024-04-10,13678.21808333,2024,4,10,2
S,Sul,2024-04-10,15459.33091667,2024,4,10,2
SE,Sudeste/Centro-Oeste,2024-04-10,47820.40470833,2024,4,10,2
N,Norte,2024-04-11,7766.55004167,2024,4,11,3
NE,Nordeste,2024-04-11,13646.04995833,2024,4,11,3
S,Sul,2024-04-11,14839.73175,2024,4,11,3
SE,Sudeste/Centro-Oeste,2024-04-11,47922.78679167,2024,4,11,3
N,Norte,2024-04-12,7558.721625,2024,4,12,4
NE,Nordeste,2024-04-12,13450.19808333,2024,4,12,4
S,Sul,2024-04-12,14287.936625,2024,4,12,4
SE,Sudeste/Centro-Oeste,2024-04-12,47291.29641667,2024,4,12,4
N,Norte,2024-04-13,7129.31929167,2024,4,13,5
NE,Nordeste,2024-04-13,12657.391625,2024,4,13,5
S,Sul,2024-04-13,12384.29758333,2024,4,13,5
SE,Sudeste/Centro-Oeste,2024-04-13,43641.44370833,2024,4,13,5
N,Norte,2024-04-14,6735.49654167,2024,4,14,6
NE,Nordeste,2024-04-14,11816.28741667,2024,4,14,6
S,Sul,2024-04-14,10718.40070833,2024,4,14,6
SE,Sudeste/Centro-Oeste,2024-04-14,40164.14075,2024,4,14,6
N,Norte,2024-04-15,7487.71825,2024,4,15,0
NE,Nordeste,2024-04-15,13121.619625,2024,4,15,0
S,Sul,2024-04-15,13578.15429167,2024,4,15,0
SE,Sudeste/Centro-Oeste,2024-04-15,46433.768125,2024,4,15,0
N,Norte,2024-04-16,7728.05095833,2024,4,16,1
NE,Nordeste,2024-04-16,13235.739125,2024,4,16,1
S,Sul,2024-04-16,13915.90145833,2024,4,16,1
SE,Sudeste/Centro-Oeste,2024-04-16,48347.28770833,2024,4,16,1
N,Norte,2024-04-17,7712.05504167,2024,4,17,2
NE,Nordeste,2024-04-17,12943.25904167,2024,4,17,2
S,Sul,2024-04-17,12748.35895833,2024,4,17,2
SE,Sudeste/Centro-Oeste,2024-04-17,48400.24283333,2024,4,17,2
N,Norte,2024-04-18,7601.719125,2024,4,18,3
NE,Nordeste,2024-04-18,13325.505625,2024,4,18,3
S,Sul,2024-04-18,12392.10016667,2024,4,18,3
SE,Sudeste/Centro-Oeste,2024-04-18,45666.79429167,2024,4,18,3
N,Norte,2024-04-19,7589.376,2024,4,19,4
NE,Nordeste,2024-04-19,13262.08,2024,4,19,4
S,Sul,2024-04-19,12529.269625,2024,4,19,4
SE,Sudeste/Centro-Oeste,2024-04-19,44103.62954167,2024,4,19,4
N,Norte,2024-04-20,7157.09854167,2024,4,20,5
NE,Nordeste,2024-04-20,12353.524125,2024,4,20,5
S,Sul,2024-04-20,10914.5155,2024,4,20,5
SE,Sudeste/Centro-Oeste,2024-04-20,41003.352375,2024,4,20,5
N,Norte,2024-04-21,6828.01995833,2024,4,21,6
NE,Nordeste,2024-04-21,11244.16591667,2024,4,21,6
S,Sul,2024-04-21,9745.52154167,2024,4,21,6
SE,Sudeste/Centro-Oeste,2024-04-21,37605.53691667,2024,4,21,6
N,Norte,2024-04-22,7444.56075,2024,4,22,0
NE,Nordeste,2024-04-22,12824.25591667,2024,4,22,0
S,Sul,2024-04-22,13245.70316667,2024,4,22,0
SE,Sudeste/Centro-Oeste,2024-04-22,44442.56195833,2024,4,22,0
N,Norte,2024-04-23,7636.3075,2024,4,23,1
NE,Nordeste,2024-04-23,13143.25258333,2024,4,23,1
S,Sul,2024-04-23,14037.66029167,2024,4,23,1
SE,Sudeste/Centro-Oeste,2024-04-23,46084.46304167,2024,4,23,1
N,Norte,2024-04-24,7541.04841667,2024,4,24,2
NE,Nordeste,2024-04-24,13136.10808333,2024,4,24,2
S,Sul,2024-04-24,13943.70245833,2024,4,24,2
SE,Sudeste/Centro-Oeste,2024-04-24,47642.30433333,2024,4,24,2
N,Norte,2024-04-25,7491.6605,2024,4,25,3
NE,Nordeste,2024-04-25,13425.27625,2024,4,25,3
S,Sul,2024-04-25,13476.412,2024,4,25,3
SE,Sudeste/Centro-Oeste,2024-04-25,47760.755625,2024,4,25,3
N,Norte,2024-04-26,7483.00341667,2024,4,26,4
NE,Nordeste,2024-04-26,13387.48225,2024,4,26,4
S,Sul,2024-04-26,13629.22816667,2024,4,26,4
SE,Sudeste/Centro-Oeste,2024-04-26,47474.15166667,2024,4,26,4
N,Norte,2024-04-27,7357.75179167,2024,4,27,5
NE,Nordeste,2024-04-27,12530.370125,2024,4,27,5
S,Sul,2024-04-27,12897.055875,2024,4,27,5
SE,Sudeste/Centro-Oeste,2024-04-27,44594.26183333,2024,4,27,5
N,Norte,2024-04-28,7088.26954167,2024,4,28,6
NE,Nordeste,2024-04-28,11902.18708333,2024,4,28,6
S,Sul,2024-04-28,11225.603625,2024,4,28,6
SE,Sudeste/Centro-Oeste,2024-04-28,41778.453375,2024,4,28,6
N,Norte,2024-04-29,7794.03579167,2024,4,29,0
NE,Nordeste,2024-04-29,13094.10129167,2024,4,29,0
S,Sul,2024-04-29,13775.986625,2024,4,29,0
SE,Sudeste/Centro-Oeste,2024-04-29,48446.94170833,2024,4,29,0
N,Norte,2024-04-30,7717.67479167,2024,4,30,1
NE,Nordeste,2024-04-30,13099.04425,2024,4,30,1
S,Sul,2024-04-30,14363.17166667,2024,4,30,1
SE,Sudeste/Centro-Oeste,2024-04-30,49093.46525,2024,4,30,1
N,Norte,2024-05-01,7238.348625,2024,5,1,2
NE,Nordeste,2024-05-01,11934.04720833,2024,5,1,2
S,Sul,2024-05-01,12353.76258333,2024,5,1,2
SE,Sudeste/Centro-Oeste,2024-05-01,44425.07683333,2024,5,1,2
N,Norte,2024-05-02,7747.38833333,2024,5,2,3
NE,Nordeste,2024-05-02,13241.72441667,2024,5,2,3
S,Sul,2024-05-02,14112.08933333,2024,5,2,3
SE,Sudeste/Centro-Oeste,2024-05-02,49160.478375,2024,5,2,3
N,Norte,2024-05-03,7852.88966667,2024,5,3,4
NE,Nordeste,2024-05-03,13295.83758333,2024,5,3,4
S,Sul,2024-05-03,13161.94358333,2024,5,3,4
SE,Sudeste/Centro-Oeste,2024-05-03,48923.49516667,2024,5,3,4
N,Norte,2024-05-04,7490.11079167,2024,5,4,5
NE,Nordeste,2024-05-04,12756.57616667,2024,5,4,5
S,Sul,2024-05-04,11496.401125,2024,5,4,5
SE,Sudeste/Centro-Oeste,2024-05-04,44453.60079167,2024,5,4,5
N,Norte,2024-05-05,7251.49045833,2024,5,5,6
NE,Nordeste,2024-05-05,12002.22254167,2024,5,5,6
S,Sul,2024-05-05,10317.728125,2024,5,5,6
SE,Sudeste/Centro-Oeste,2024-05-05,41052.70595833,2024,5,5,6
N,Norte,2024-05-06,7784.97779167,2024,5,6,0
NE,Nordeste,2024-05-06,12966.159125,2024,5,6,0
S,Sul,2024-05-06,13463.72620833,2024,5,6,0
SE,Sudeste/Centro-Oeste,2024-05-06,47137.443375,2024,5,6,0
N,Norte,2024-05-07,7758.35208333,2024,5,7,1
NE,Nordeste,2024-05-07,13241.80316667,2024,5,7,1
S,Sul,2024-05-07,14205.02758333,2024,5,7,1
SE,Sudeste/Centro-Oeste,2024-05-07,48450.35158333,2024,5,7,1
N,Norte,2024-05-08,7910.439875,2024,5,8,2
NE,Nordeste,2024-05-08,13265.33133333,2024,5,8,2
S,Sul,2024-05-08,14526.56370833,2024,5,8,2
SE,Sudeste/Centro-Oeste,2024-05-08,48651.04916667,2024,5,8,2
N,Norte,2024-05-09,8016.07054167,2024,5,9,3
NE,Nordeste,2024-05-09,13302.447625,2024,5,9,3
S,Sul,2024-05-09,13522.15054167,2024,5,9,3
SE,Sudeste/Centro-Oeste,2024-05-09,48993.31866667,2024,5,9,3
N,Norte,2024-05-10,7926.97825,2024,5,10,4
NE,Nordeste,2024-05-10,13288.90925,2024,5,10,4
S,Sul,2024-05-10,13271.20516667,2024,5,10,4
SE,Sudeste/Centro-Oeste,2024-05-10,48304.05025,2024,5,10,4
N,Norte,2024-05-11,7555.08979167,2024,5,11,5
NE,Nordeste,2024-05-11,12616.14066667,2024,5,11,5
S,Sul,2024-05-11,11826.083,2024,5,11,5
SE,Sudeste/Centro-Oeste,2024-05-11,44306.18304167,2024,5,11,5
N,Norte,2024-05-12,7131.935875,2024,5,12,6
NE,Nordeste,2024-05-12,11731.99783333,2024,5,12,6
S,Sul,2024-05-12,10403.838875,2024,5,12,6
SE,Sudeste/Centro-Oeste,2024-05-12,40292.324625,2024,5,12,6
N,Norte,2024-05-13,7878.15745833,2024,5,13,0
NE,Nordeste,2024-05-13,13288.90579167,2024,5,13,0
S,Sul,2024-05-13,13100.778625,2024,5,13,0
SE,Sudeste/Centro-Oeste,2024-05-13,47492.85866667,2024,5,13,0
N,Norte,2024-05-14,7973.32745833,2024,5,14,1
NE,Nordeste,2024-05-14,13760.869875,2024,5,14,1
S,Sul,2024-05-14,12760.28029167,2024,5,14,1
SE,Sudeste/Centro-Oeste,2024-05-14,47012.71033333,2024,5,14,1
N,Norte,2024-05-15,7905.53866667,2024,5,15,2
NE,Nordeste,2024-05-15,13636.24104167,2024,5,15,2
S,Sul,2024-05-15,12822.93291667,2024,5,15,2
SE,Sudeste/Centro-Oeste,2024-05-15,45079.20558333,2024,5,15,2
N,Norte,2024-05-16,7902.04204167,2024,5,16,3
NE,Nordeste,2024-05-16,13517.02991667,2024,5,16,3
S,Sul,2024-05-16,13100.07170833,2024,5,16,3
SE,Sudeste/Centro-Oeste,2024-05-16,45453.880625,2024,5,16,3
N,Norte,2024-05-17,7737.686625,2024,5,17,4
NE,Nordeste,2024-05-17,13198.79525,2024,5,17,4
S,Sul,2024-05-17,13249.06433333,2024,5,17,4
SE,Sudeste/Centro-Oeste,2024-05-17,46507.079,2024,5,17,4
N,Norte,2024-05-18,7458.24466667,2024,5,18,5
NE,Nordeste,2024-05-18,12563.24295833,2024,5,18,5
S,Sul,2024-05-18,11726.97975,2024,5,18,5
SE,Sudeste/Centro-Oeste,2024-05-18,42997.16725,2024,5,18,5
N,Norte,2024-05-19,7051.29420833,2024,5,19,6
NE,Nordeste,2024-05-19,11949.347,2024,5,19,6
S,Sul,2024-05-19,10210.53858333,2024,5,19,6
SE,Sudeste/Centro-Oeste,2024-05-19,39119.0765,2024,5,19,6
N,Norte,2024-05-20,7697.52383333,2024,5,20,0
NE,Nordeste,2024-05-20,12886.319875,2024,5,20,0
S,Sul,2024-05-20,12560.04779167,2024,5,20,0
SE,Sudeste/Centro-Oeste,2024-05-20,44729.44258333,2024,5,20,0
N,Norte,2024-05-21,7866.6215,2024,5,21,1
NE,Nordeste,2024-05-21,13190.70383333,2024,5,21,1
S,Sul,2024-05-21,12796.40883333,2024,5,21,1
SE,Sudeste/Centro-Oeste,2024-05-21,44845.67158333,2024,5,21,1
N,Norte,2024-05-22,8016.89,2024,5,22,2
NE,Nordeste,2024-05-22,13174.02370833,2024,5,22,2
S,Sul,2024-05-22,13165.41258333,2024,5,22,2
SE,Sudeste/Centro-Oeste,2024-05-22,45344.64466667,2024,5,22,2
N,Norte,2024-05-23,8084.56741667,2024,5,23,3
NE,Nordeste,2024-05-23,13082.28395833,2024,5,23,3
S,Sul,2024-05-23,13634.26483333,2024,5,23,3
SE,Sudeste/Centro-Oeste,2024-05-23,45675.98170833,2024,5,23,3
N,Norte,2024-05-24,8110.81645833,2024,5,24,4
NE,Nordeste,2024-05-24,12895.98716667,2024,5,24,4
S,Sul,2024-05-24,13133.03845833,2024,5,24,4
SE,Sudeste/Centro-Oeste,2024-05-24,45395.19358333,2024,5,24,4
N,Norte,2024-05-25,7675.206125,2024,5,25,5
NE,Nordeste,2024-05-25,12435.71179167,2024,5,25,5
S,Sul,2024-05-25,11580.09733333,2024,5,25,5
SE,Sudeste/Centro-Oeste,2024-05-25,40894.81395833,2024,5,25,5
N,Norte,2024-05-26,7324.05145833,2024,5,26,6
NE,Nordeste,2024-05-26,11685.812875,2024,5,26,6
S,Sul,2024-05-26,10276.656125,2024,5,26,6
SE,Sudeste/Centro-Oeste,2024-05-26,36667.035,2024,5,26,6
N,Norte,2024-05-27,7798.12195833,2024,5,27,0
NE,Nordeste,2024-05-27,12639.49054167,2024,5,27,0
S,Sul,2024-05-27,12947.395375,2024,5,27,0
SE,Sudeste/Centro-Oeste,2024-05-27,41968.648625,2024,5,27,0
N,Norte,2024-05-28,7814.89958333,2024,5,28,1
NE,Nordeste,2024-05-28,12703.83191667,2024,5,28,1
S,Sul,2024-05-28,13044.56295833,2024,5,28,1
SE,Sudeste/Centro-Oeste,2024-05-28,42632.563375,2024,5,28,1
N,Norte,2024-05-29,7811.19779167,2024,5,29,2
NE,Nordeste,2024-05-29,12781.169875,2024,5,29,2
S,Sul,2024-05-29,12891.54183333,2024,5,29,2
SE,Sudeste/Centro-Oeste,2024-05-29,41422.62754167,2024,5,29,2
N,Norte,2024-05-30,7408.44683333,2024,5,30,3
NE,Nordeste,2024-05-30,12055.89654167,2024,5,30,3
S,Sul,2024-05-30,11331.46945833,2024,5,30,3
SE,Sudeste/Centro-Oeste,2024-05-30,37703.15708333,2024,5,30,3
N,Norte,2024-05-31,7627.37725,2024,5,31,4
NE,Nordeste,2024-05-31,12366.63325,2024,5,31,4
S,Sul,2024-05-31,11827.076625,2024,5,31,4
SE,Sudeste/Centro-Oeste,2024-05-31,38732.89291667,2024,5,31,4
N,Norte,2024-06-01,7397.83895833,2024,6,1,5
NE,Nordeste,2024-06-01,11890.582,2024,6,1,5
S,Sul,2024-06-01,10504.60295833,2024,6,1,5
SE,Sudeste/Centro-Oeste,2024-06-01,37005.71054167,2024,6,1,5
N,Norte,2024-06-02,7034.10595833,2024,6,2,6
NE,Nordeste,2024-06-02,11497.35020833,2024,6,2,6
S,Sul,2024-06-02,9543.91291667,2024,6,2,6
SE,Sudeste/Centro-Oeste,2024-06-02,34859.19920833,2024,6,2,6
N,Norte,2024-06-03,7767.976125,2024,6,3,0
NE,Nordeste,2024-06-03,12789.78279167,2024,6,3,0
S,Sul,2024-06-03,12938.266875,2024,6,3,0
SE,Sudeste/Centro-Oeste,2024-06-03,41086.555375,2024,6,3,0
N,Norte,2024-06-04,7926.6855,2024,6,4,1
NE,Nordeste,2024-06-04,12942.54729167,2024,6,4,1
S,Sul,2024-06-04,13576.41508333,2024,6,4,1
SE,Sudeste/Centro-Oeste,2024-06-04,42100.75883333,2024,6,4,1
N,Norte,2024-06-05,7949.671875,2024,6,5,2
NE,Nordeste,2024-06-05,12917.06370833,2024,6,5,2
S,Sul,2024-06-05,13547.53970833,2024,6,5,2
SE,Sudeste/Centro-Oeste,2024-06-05,42107.10954167,2024,6,5,2
N,Norte,2024-06-06,7977.63995833,2024,6,6,3
NE,Nordeste,2024-06-06,12705.05575,2024,6,6,3
S,Sul,2024-06-06,13536.50495833,2024,6,6,3
SE,Sudeste/Centro-Oeste,2024-06-06,42399.94475,2024,6,6,3
N,Norte,2024-06-07,8034.391875,2024,6,7,4
NE,Nordeste,2024-06-07,12660.32041667,2024,6,7,4
S,Sul,2024-06-07,13530.01483333,2024,6,7,4
SE,Sudeste/Centro-Oeste,2024-06-07,42556.261625,2024,6,7,4
N,Norte,2024-06-08,7677.374375,2024,6,8,5
NE,Nordeste,2024-06-08,12060.48470833,2024,6,8,5
S,Sul,2024-06-08,11770.658625,2024,6,8,5
SE,Sudeste/Centro-Oeste,2024-06-08,39608.05783333,2024,6,8,5
N,Norte,2024-06-09,7351.0455,2024,6,9,6
NE,Nordeste,2024-06-09,11245.241625,2024,6,9,6
S,Sul,2024-06-09,10360.70779167,2024,6,9,6
SE,Sudeste/Centro-Oeste,2024-06-09,36450.92066667,2024,6,9,6
N,Norte,2024-06-10,7819.233875,2024,6,10,0
NE,Nordeste,2024-06-10,12377.056,2024,6,10,0
S,Sul,2024-06-10,13488.21270833,2024,6,10,0
SE,Sudeste/Centro-Oeste,2024-06-10,42309.822375,2024,6,10,0
N,Norte,2024-06-11,7825.139,2024,6,11,1
NE,Nordeste,2024-06-11,12626.07795833,2024,6,11,1
S,Sul,2024-06-11,14066.574125,2024,6,11,1
SE,Sudeste/Centro-Oeste,2024-06-11,43379.784125,2024,6,11,1
N,Norte,2024-06-12,7859.53108333,2024,6,12,2
NE,Nordeste,2024-06-12,12717.184,2024,6,12,2
S,Sul,2024-06-12,13977.45058333,2024,6,12,2
SE,Sudeste/Centro-Oeste,2024-06-12,43210.83995833,2024,6,12,2
N,Norte,2024-06-13,7885.03141667,2024,6,13,3
NE,Nordeste,2024-06-13,12609.85683333,2024,6,13,3
S,Sul,2024-06-13,13721.79416667,2024,6,13,3
SE,Sudeste/Centro-Oeste,2024-06-13,42718.664875,2024,6,13,3
N,Norte,2024-06-14,7975.90858333,2024,6,14,4
NE,Nordeste,2024-06-14,12507.01545833,2024,6,14,4
S,Sul,2024-06-14,13868.18775,2024,6,14,4
SE,Sudeste/Centro-Oeste,2024-06-14,42835.65729167,2024,6,14,4
N,Norte,2024-06-15,7685.78791667,2024,6,15,5
NE,Nordeste,2024-06-15,11814.97833333,2024,6,15,5
S,Sul,2024-06-15,12350.69008333,2024,6,15,5
SE,Sudeste/Centro-Oeste,2024-06-15,40145.18383333,2024,6,15,5
N,Norte,2024-06-16,7388.40995833,2024,6,16,6
NE,Nordeste,2024-06-16,10713.89083333,2024,6,16,6
S,Sul,2024-06-16,10824.67083333,2024,6,16,6
SE,Sudeste/Centro-Oeste,2024-06-16,36828.51208333,2024,6,16,6
N,Norte,2024-06-17,7902.305375,2024,6,17,0
NE,Nordeste,2024-06-17,12104.52420833,2024,6,17,0
S,Sul,2024-06-17,13392.62579167,2024,6,17,0
SE,Sudeste/Centro-Oeste,2024-06-17,42549.28604167,2024,6,17,0
N,Norte,2024-06-18,7863.118,2024,6,18,1
NE,Nordeste,2024-06-18,12320.88741667,2024,6,18,1
S,Sul,2024-06-18,13431.55358333,2024,6,18,1
SE,Sudeste/Centro-Oeste,2024-06-18,43442.45766667,2024,6,18,1
N,Norte,2024-06-19,7825.282125,2024,6,19,2
NE,Nordeste,2024-06-19,12543.49591667,2024,6,19,2
S,Sul,2024-06-19,13495.85533333,2024,6,19,2
SE,Sudeste/Centro-Oeste,2024-06-19,43634.24245833,2024,6,19,2
N,Norte,2024-06-20,7811.39070833,2024,6,20,3
NE,Nordeste,2024-06-20,12620.09058333,2024,6,20,3
S,Sul,2024-06-20,13626.12408333,2024,6,20,3
SE,Sudeste/Centro-Oeste,2024-06-20,43571.52195833,2024,6,20,3
N,Norte,2024-06-21,7782.41308333,2024,6,21,4
NE,Nordeste,2024-06-21,12441.48966667,2024,6,21,4
S,Sul,2024-06-21,13131.114625,2024,6,21,4
SE,Sudeste/Centro-Oeste,2024-06-21,43279.47329167,2024,6,21,4
N,Norte,2024-06-22,7512.73475,2024,6,22,5
NE,Nordeste,2024-06-22,12023.404,2024,6,22,5
S,Sul,2024-06-22,11378.90283333,2024,6,22,5
SE,Sudeste/Centro-Oeste,2024-06-22,40566.74258333,2024,6,22,5
N,Norte,2024-06-23,7257.547625,2024,6,23,6
NE,Nordeste,2024-06-23,11161.39708333,2024,6,23,6
S,Sul,2024-06-23,10161.29520833,2024,6,23,6
SE,Sudeste/Centro-Oeste,2024-06-23,37670.96666667,2024,6,23,6
N,Norte,2024-06-24,7654.17995833,2024,6,24,0
NE,Nordeste,2024-06-24,11457.33266667,2024,6,24,0
S,Sul,2024-06-24,13083.04716667,2024,6,24,0
SE,Sudeste/Centro-Oeste,2024-06-24,43896.72925,2024,6,24,0
N,Norte,2024-06-25,7801.61991667,2024,6,25,1
NE,Nordeste,2024-06-25,12572.145375,2024,6,25,1
S,Sul,2024-06-25,13373.14104167,2024,6,25,1
SE,Sudeste/Centro-Oeste,2024-06-25,44742.892875,2024,6,25,1
N,Norte,2024-06-26,7911.821,2024,6,26,2
NE,Nordeste,2024-06-26,12596.76345833,2024,6,26,2
S,Sul,2024-06-26,13371.59070833,2024,6,26,2
SE,Sudeste/Centro-Oeste,2024-06-26,45006.50429167,2024,6,26,2
N,Norte,2024-06-27,7893.66845833,2024,6,27,3
NE,Nordeste,2024-06-27,12493.20841667,2024,6,27,3
S,Sul,2024-06-27,12965.59516667,2024,6,27,3
SE,Sudeste/Centro-Oeste,2024-06-27,44402.01033333,2024,6,27,3
N,Norte,2024-06-28,7848.77441667,2024,6,28,4
NE,Nordeste,2024-06-28,12407.50179167,2024,6,28,4
S,Sul,2024-06-28,13366.69775,2024,6,28,4
SE,Sudeste/Centro-Oeste,2024-06-28,44146.78308333,2024,6,28,4
N,Norte,2024-06-29,7626.326375,2024,6,29,5
NE,Nordeste,2024-06-29,11797.82608333,2024,6,29,5
S,Sul,2024-06-29,11443.22,2024,6,29,5
SE,Sudeste/Centro-Oeste,2024-06-29,40797.67579167,2024,6,29,5
N,Norte,2024-06-30,7390.653375,2024,6,30,6
NE,Nordeste,2024-06-30,11199.61379167,2024,6,30,6
S,Sul,2024-06-30,10209.39425,2024,6,30,6
SE,Sudeste/Centro-Oeste,2024-06-30,35862.40133333,2024,6,30,6
N,Norte,2024-07-01,7856.01870833,2024,7,1,0
NE,Nordeste,2024-07-01,12483.46520833,2024,7,1,0
S,Sul,2024-07-01,13025.674125,2024,7,1,0
SE,Sudeste/Centro-Oeste,2024-07-01,40638.40379167,2024,7,1,0
N,Norte,2024-07-02,7961.96745833,2024,7,2,1
NE,Nordeste,2024-07-02,12405.94279167,2024,7,2,1
S,Sul,2024-07-02,13408.79804167,2024,7,2,1
SE,Sudeste/Centro-Oeste,2024-07-02,41685.14370833,2024,7,2,1
N,Norte,2024-07-03,7877.59279167,2024,7,3,2
NE,Nordeste,2024-07-03,12663.04054167,2024,7,3,2
S,Sul,2024-07-03,13527.544875,2024,7,3,2
SE,Sudeste/Centro-Oeste,2024-07-03,42575.14379167,2024,7,3,2
N,Norte,2024-07-04,7873.12741667,2024,7,4,3
NE,Nordeste,2024-07-04,12589.70941667,2024,7,4,3
S,Sul,2024-07-04,13851.186875,2024,7,4,3
SE,Sudeste/Centro-Oeste,2024-07-04,43260.81920833,2024,7,4,3
N,Norte,2024-07-05,7848.288875,2024,7,5,4
NE,Nordeste,2024-07-05,12503.076875,2024,7,5,4
S,Sul,2024-07-05,14128.37354167,2024,7,5,4
SE,Sudeste/Centro-Oeste,2024-07-05,43284.86954167,2024,7,5,4
N,Norte,2024-07-06,7632.926,2024,7,6,5
NE,Nordeste,2024-07-06,12085.811125,2024,7,6,5
S,Sul,2024-07-06,12250.62970833,2024,7,6,5
SE,Sudeste/Centro-Oeste,2024-07-06,39605.19029167,2024,7,6,5
N,Norte,2024-07-07,7309.61525,2024,7,7,6
NE,Nordeste,2024-07-07,11036.78329167,2024,7,7,6
S,Sul,2024-07-07,10994.12120833,2024,7,7,6
SE,Sudeste/Centro-Oeste,2024-07-07,36354.85066667,2024,7,7,6
N,Norte,2024-07-08,7965.6195,2024,7,8,0
NE,Nordeste,2024-07-08,12173.64125,2024,7,8,0
S,Sul,2024-07-08,13939.57429167,2024,7,8,0
SE,Sudeste/Centro-Oeste,2024-07-08,40736.26529167,2024,7,8,0
N,Norte,2024-07-09,8099.37691667,2024,7,9,1
NE,Nordeste,2024-07-09,12534.22570833,2024,7,9,1
S,Sul,2024-07-09,14485.8225,2024,7,9,1
SE,Sudeste/Centro-Oeste,2024-07-09,40683.57633333,2024,7,9,1
N,Norte,2024-07-10,7956.91466667,2024,7,10,2
NE,Nordeste,2024-07-10,12793.74704167,2024,7,10,2
S,Sul,2024-07-10,14670.61508333,2024,7,10,2
SE,Sudeste/Centro-Oeste,2024-07-10,42815.8535,2024,7,10,2
N,Norte,2024-07-11,7867.46733333,2024,7,11,3
NE,Nordeste,2024-07-11,12476.39233333,2024,7,11,3
S,Sul,2024-07-11,14643.09129167,2024,7,11,3
SE,Sudeste/Centro-Oeste,2024-07-11,43363.48791667,2024,7,11,3
N,Norte,2024-07-12,7880.75904167,2024,7,12,4
NE,Nordeste,2024-07-12,12507.77329167,2024,7,12,4
S,Sul,2024-07-12,14234.619,2024,7,12,4
SE,Sudeste/Centro-Oeste,2024-07-12,43121.646375,2024,7,12,4
N,Norte,2024-07-13,7549.75408333,2024,7,13,5
NE,Nordeste,2024-07-13,11798.9665,2024,7,13,5
S,Sul,2024-07-13,12230.72966667,2024,7,13,5
SE,Sudeste/Centro-Oeste,2024-07-13,39066.558625,2024,7,13,5
N,Norte,2024-07-14,7174.88908333,2024,7,14,6
NE,Nordeste,2024-07-14,10923.78029167,2024,7,14,6
S,Sul,2024-07-14,10587.42683333,2024,7,14,6
SE,Sudeste/Centro-Oeste,2024-07-14,35447.91825,2024,7,14,6
N,Norte,2024-07-15,7723.805875,2024,7,15,0
NE,Nordeste,2024-07-15,12077.8935,2024,7,15,0
S,Sul,2024-07-15,13101.43958333,2024,7,15,0
SE,Sudeste/Centro-Oeste,2024-07-15,40445.31225,2024,7,15,0
N,Norte,2024-07-16,7848.46254167,2024,7,16,1
NE,Nordeste,2024-07-16,12245.19133333,2024,7,16,1
S,Sul,2024-07-16,13184.22525,2024,7,16,1
SE,Sudeste/Centro-Oeste,2024-07-16,41555.994375,2024,7,16,1
N,Norte,2024-07-17,7851.31495833,2024,7,17,2
NE,Nordeste,2024-07-17,12609.10095833,2024,7,17,2
S,Sul,2024-07-17,13008.60829167,2024,7,17,2
SE,Sudeste/Centro-Oeste,2024-07-17,42048.35575,2024,7,17,2
N,Norte,2024-07-18,7922.12604167,2024,7,18,3
NE,Nordeste,2024-07-18,12619.53366667,2024,7,18,3
S,Sul,2024-07-18,12950.99933333,2024,7,18,3
SE,Sudeste/Centro-Oeste,2024-07-18,42172.267,2024,7,18,3
N,Norte,2024-07-19,7984.01420833,2024,7,19,4
NE,Nordeste,2024-07-19,12770.91525,2024,7,19,4
S,Sul,2024-07-19,12824.72170833,2024,7,19,4
SE,Sudeste/Centro-Oeste,2024-07-19,41962.72545833,2024,7,19,4
N,Norte,2024-07-20,7747.97770833,2024,7,20,5
NE,Nordeste,2024-07-20,11988.07816667,2024,7,20,5
S,Sul,2024-07-20,11219.62466667,2024,7,20,5
SE,Sudeste/Centro-Oeste,2024-07-20,38783.26379167,2024,7,20,5
N,Norte,2024-07-21,7329.523375,2024,7,21,6
NE,Nordeste,2024-07-21,11017.018125,2024,7,21,6
S,Sul,2024-07-21,9665.46125,2024,7,21,6
SE,Sudeste/Centro-Oeste,2024-07-21,35487.66775,2024,7,21,6
N,Norte,2024-07-22,7792.81525,2024,7,22,0
NE,Nordeste,2024-07-22,12439.36825,2024,7,22,0
S,Sul,2024-07-22,12636.82595833,2024,7,22,0
SE,Sudeste/Centro-Oeste,2024-07-22,41157.95654167,2024,7,22,0
N,Norte,2024-07-23,7963.96616667,2024,7,23,1
NE,Nordeste,2024-07-23,12658.9845,2024,7,23,1
S,Sul,2024-07-23,13046.36770833,2024,7,23,1
SE,Sudeste/Centro-Oeste,2024-07-23,42188.08670833,2024,7,23,1
N,Norte,2024-07-24,8010.36166667,2024,7,24,2
NE,Nordeste,2024-07-24,12609.62291667,2024,7,24,2
S,Sul,2024-07-24,13097.11291667,2024,7,24,2
SE,Sudeste/Centro-Oeste,2024-07-24,42175.4645,2024,7,24,2
N,Norte,2024-07-25,7955.24275,2024,7,25,3
NE,Nordeste,2024-07-25,12539.42241667,2024,7,25,3
S,Sul,2024-07-25,13355.02520833,2024,7,25,3
SE,Sudeste/Centro-Oeste,2024-07-25,42500.67183333,2024,7,25,3
N,Norte,2024-07-26,7837.742625,2024,7,26,4
NE,Nordeste,2024-07-26,12309.39229167,2024,7,26,4
S,Sul,2024-07-26,13480.443625,2024,7,26,4
SE,Sudeste/Centro-Oeste,2024-07-26,42737.96966667,2024,7,26,4
N,Norte,2024-07-27,7613.99195833,2024,7,27,5
NE,Nordeste,2024-07-27,12017.28279167,2024,7,27,5
S,Sul,2024-07-27,12180.40733333,2024,7,27,5
SE,Sudeste/Centro-Oeste,2024-07-27,40112.880625,2024,7,27,5
N,Norte,2024-07-28,7372.35395833,2024,7,28,6
NE,Nordeste,2024-07-28,11087.70933333,2024,7,28,6
S,Sul,2024-07-28,10809.25425,2024,7,28,6
SE,Sudeste/Centro-Oeste,2024-07-28,36995.41258333,2024,7,28,6
N,Norte,2024-07-29,8026.28554167,2024,7,29,0
NE,Nordeste,2024-07-29,12897.81308333,2024,7,29,0
S,Sul,2024-07-29,13735.1685,2024,7,29,0
SE,Sudeste/Centro-Oeste,2024-07-29,42756.58870833,2024,7,29,0
N,Norte,2024-07-30,8165.20083333,2024,7,30,1
NE,Nordeste,2024-07-30,13158.48029167,2024,7,30,1
S,Sul,2024-07-30,13750.54083333,2024,7,30,1
SE,Sudeste/Centro-Oeste,2024-07-30,42940.858,2024,7,30,1
N,Norte,2024-07-31,8216.965875,2024,7,31,2
NE,Nordeste,2024-07-31,13179.635,2024,7,31,2
S,Sul,2024-07-31,13580.573125,2024,7,31,2
SE,Sudeste/Centro-Oeste,2024-07-31,42719.696375,2024,7,31,2
N,Norte,2024-08-01,8162.92470833,2024,8,1,3
NE,Nordeste,2024-08-01,13096.26270833,2024,8,1,3
S,Sul,2024-08-01,13549.62008333,2024,8,1,3
SE,Sudeste/Centro-Oeste,2024-08-01,42782.49975,2024,8,1,3
N,Norte,2024-08-02,8056.94583333,2024,8,2,4
NE,Nordeste,2024-08-02,12788.301875,2024,8,2,4
S,Sul,2024-08-02,13544.21475,2024,8,2,4
SE,Sudeste/Centro-Oeste,2024-08-02,42869.59579167,2024,8,2,4
N,Norte,2024-08-03,7768.41070833,2024,8,3,5
NE,Nordeste,2024-08-03,12131.88675,2024,8,3,5
S,Sul,2024-08-03,11957.78275,2024,8,3,5
SE,Sudeste/Centro-Oeste,2024-08-03,40073.62958333,2024,8,3,5
N,Norte,2024-08-04,7479.83504167,2024,8,4,6
NE,Nordeste,2024-08-04,11324.277875,2024,8,4,6
S,Sul,2024-08-04,10741.41433333,2024,8,4,6
SE,Sudeste/Centro-Oeste,2024-08-04,37228.67645833,2024,8,4,6
N,Norte,2024-08-05,8097.48966667,2024,8,5,0
NE,Nordeste,2024-08-05,12467.30933333,2024,8,5,0
S,Sul,2024-08-05,13460.63504167,2024,8,5,0
SE,Sudeste/Centro-Oeste,2024-08-05,42965.94054167,2024,8,5,0
N,Norte,2024-08-06,8126.46579167,2024,8,6,1
NE,Nordeste,2024-08-06,12849.45058333,2024,8,6,1
S,Sul,2024-08-06,13934.77404167,2024,8,6,1
SE,Sudeste/Centro-Oeste,2024-08-06,44196.44904167,2024,8,6,1
N,Norte,2024-08-07,8206.83020833,2024,8,7,2
NE,Nordeste,2024-08-07,13014.451,2024,8,7,2
S,Sul,2024-08-07,14065.30404167,2024,8,7,2
SE,Sudeste/Centro-Oeste,2024-08-07,44761.75145833,2024,8,7,2
N,Norte,2024-08-08,8230.58375,2024,8,8,3
NE,Nordeste,2024-08-08,13176.62091667,2024,8,8,3
S,Sul,2024-08-08,13987.32945833,2024,8,8,3
SE,Sudeste/Centro-Oeste,2024-08-08,45321.77045833,2024,8,8,3
N,Norte,2024-08-09,8274.683,2024,8,9,4
NE,Nordeste,2024-08-09,12981.615125,2024,8,9,4
S,Sul,2024-08-09,13840.31958333,2024,8,9,4
SE,Sudeste/Centro-Oeste,2024-08-09,44359.78208333,2024,8,9,4
N,Norte,2024-08-10,8013.93975,2024,8,10,5
NE,Nordeste,2024-08-10,12360.05108333,2024,8,10,5
S,Sul,2024-08-10,11717.3275,2024,8,10,5
SE,Sudeste/Centro-Oeste,2024-08-10,39060.738625,2024,8,10,5
N,Norte,2024-08-11,7527.653875,2024,8,11,6
NE,Nordeste,2024-08-11,11532.15266667,2024,8,11,6
S,Sul,2024-08-11,10043.72879167,2024,8,11,6
SE,Sudeste/Centro-Oeste,2024-08-11,34175.18445833,2024,8,11,6
N,Norte,2024-08-12,8071.34491667,2024,8,12,0
NE,Nordeste,2024-08-12,13139.21583333,2024,8,12,0
S,Sul,2024-08-12,13187.388125,2024,8,12,0
SE,Sudeste/Centro-Oeste,2024-08-12,39631.841875,2024,8,12,0
N,Norte,2024-08-13,8078.144875,2024,8,13,1
NE,Nordeste,2024-08-13,13478.70879167,2024,8,13,1
S,Sul,2024-08-13,13864.92483333,2024,8,13,1
SE,Sudeste/Centro-Oeste,2024-08-13,40427.13829167,2024,8,13,1
N,Norte,2024-08-14,8065.78566667,2024,8,14,2
NE,Nordeste,2024-08-14,13351.14454167,2024,8,14,2
S,Sul,2024-08-14,13669.84716667,2024,8,14,2
SE,Sudeste/Centro-Oeste,2024-08-14,41333.68704167,2024,8,14,2
N,Norte,2024-08-15,7900.385875,2024,8,15,3
NE,Nordeste,2024-08-15,13146.128625,2024,8,15,3
S,Sul,2024-08-15,13746.28716667,2024,8,15,3
SE,Sudeste/Centro-Oeste,2024-08-15,42395.06004167,2024,8,15,3
N,Norte,2024-08-16,8077.96475,2024,8,16,4
NE,Nordeste,2024-08-16,12987.51495833,2024,8,16,4
S,Sul,2024-08-16,13566.09825,2024,8,16,4
SE,Sudeste/Centro-Oeste,2024-08-16,43510.122375,2024,8,16,4
N,Norte,2024-08-17,7847.07679167,2024,8,17,5
NE,Nordeste,2024-08-17,12350.30720833,2024,8,17,5
S,Sul,2024-08-17,12098.05708333,2024,8,17,5
SE,Sudeste/Centro-Oeste,2024-08-17,41192.1955,2024,8,17,5
N,Norte,2024-08-18,7589.28441667,2024,8,18,6
NE,Nordeste,2024-08-18,11570.9075,2024,8,18,6
S,Sul,2024-08-18,10800.080875,2024,8,18,6
SE,Sudeste/Centro-Oeste,2024-08-18,37965.720375,2024,8,18,6
N,Norte,2024-08-19,8196.675,2024,8,19,0
NE,Nordeste,2024-08-19,12912.81633333,2024,8,19,0
S,Sul,2024-08-19,14539.96733333,2024,8,19,0
SE,Sudeste/Centro-Oeste,2024-08-19,44237.11179167,2024,8,19,0
N,Norte,2024-08-20,8322.17883333,2024,8,20,1
NE,Nordeste,2024-08-20,13363.86625,2024,8,20,1
S,Sul,2024-08-20,14422.457375,2024,8,20,1
SE,Sudeste/Centro-Oeste,2024-08-20,45294.38695833,2024,8,20,1
N,Norte,2024-08-21,8382.20375,2024,8,21,2
NE,Nordeste,2024-08-21,13549.286125,2024,8,21,2
S,Sul,2024-08-21,14244.97283333,2024,8,21,2
SE,Sudeste/Centro-Oeste,2024-08-21,45401.12495833,2024,8,21,2
N,Norte,2024-08-22,8400.81795833,2024,8,22,3
NE,Nordeste,2024-08-22,13674.921375,2024,8,22,3
S,Sul,2024-08-22,14459.843375,2024,8,22,3
SE,Sudeste/Centro-Oeste,2024-08-22,45918.90504167,2024,8,22,3
N,Norte,2024-08-23,8327.47758333,2024,8,23,4
NE,Nordeste,2024-08-23,13631.391125,2024,8,23,4
S,Sul,2024-08-23,13875.14779167,2024,8,23,4
SE,Sudeste/Centro-Oeste,2024-08-23,46756.65241667,2024,8,23,4
N,Norte,2024-08-24,8017.25216667,2024,8,24,5
NE,Nordeste,2024-08-24,12861.29520833,2024,8,24,5
S,Sul,2024-08-24,11680.04570833,2024,8,24,5
SE,Sudeste/Centro-Oeste,2024-08-24,42967.39683333,2024,8,24,5
N,Norte,2024-08-25,7839.545125,2024,8,25,6
NE,Nordeste,2024-08-25,11960.177375,2024,8,25,6
S,Sul,2024-08-25,10202.70933333,2024,8,25,6
SE,Sudeste/Centro-Oeste,2024-08-25,37947.41529167,2024,8,25,6
N,Norte,2024-08-26,8571.52291667,2024,8,26,0
NE,Nordeste,2024-08-26,13243.427625,2024,8,26,0
S,Sul,2024-08-26,12893.136875,2024,8,26,0
SE,Sudeste/Centro-Oeste,2024-08-26,40536.519375,2024,8,26,0
N,Norte,2024-08-27,8492.89766667,2024,8,27,1
NE,Nordeste,2024-08-27,13302.83283333,2024,8,27,1
S,Sul,2024-08-27,13277.72708333,2024,8,27,1
SE,Sudeste/Centro-Oeste,2024-08-27,41192.8065,2024,8,27,1
N,Norte,2024-08-28,8356.227625,2024,8,28,2
NE,Nordeste,2024-08-28,13226.124375,2024,8,28,2
S,Sul,2024-08-28,13422.25754167,2024,8,28,2
SE,Sudeste/Centro-Oeste,2024-08-28,42153.867125,2024,8,28,2
N,Norte,2024-08-29,8292.160875,2024,8,29,3
NE,Nordeste,2024-08-29,13035.09604167,2024,8,29,3
S,Sul,2024-08-29,13395.837375,2024,8,29,3
SE,Sudeste/Centro-Oeste,2024-08-29,42946.318875,2024,8,29,3
N,Norte,2024-08-30,8316.96933333,2024,8,30,4
NE,Nordeste,2024-08-30,13052.16270833,2024,8,30,4
S,Sul,2024-08-30,13443.04679167,2024,8,30,4
SE,Sudeste/Centro-Oeste,2024-08-30,43529.2215,2024,8,30,4
N,Norte,2024-08-31,8181.41570833,2024,8,31,5
NE,Nordeste,2024-08-31,12234.963375,2024,8,31,5
S,Sul,2024-08-31,11857.99970833,2024,8,31,5
SE,Sudeste/Centro-Oeste,2024-08-31,40714.14733333,2024,8,31,5
N,Norte,2024-09-01,7894.40375,2024,9,1,6
NE,Nordeste,2024-09-01,11427.51354167,2024,9,1,6
S,Sul,2024-09-01,10306.06854167,2024,9,1,6
SE,Sudeste/Centro-Oeste,2024-09-01,37962.68141667,2024,9,1,6
N,Norte,2024-09-02,8411.79158333,2024,9,2,0
NE,Nordeste,2024-09-02,12758.50383333,2024,9,2,0
S,Sul,2024-09-02,13042.638875,2024,9,2,0
SE,Sudeste/Centro-Oeste,2024-09-02,44162.94979167,2024,9,2,0
N,Norte,2024-09-03,8490.74479167,2024,9,3,1
NE,Nordeste,2024-09-03,12964.30720833,2024,9,3,1
S,Sul,2024-09-03,13658.13754167,2024,9,3,1
SE,Sudeste/Centro-Oeste,2024-09-03,45943.50020833,2024,9,3,1
N,Norte,2024-09-04,8581.744125,2024,9,4,2
NE,Nordeste,2024-09-04,13183.05833333,2024,9,4,2
S,Sul,2024-09-04,14093.393375,2024,9,4,2
SE,Sudeste/Centro-Oeste,2024-09-04,47442.84695833,2024,9,4,2
N,Norte,2024-09-05,8394.28908333,2024,9,5,3
NE,Nordeste,2024-09-05,13144.11241667,2024,9,5,3
S,Sul,2024-09-05,13749.66845833,2024,9,5,3
SE,Sudeste/Centro-Oeste,2024-09-05,47323.87354167,2024,9,5,3
N,Norte,2024-09-06,8181.37345833,2024,9,6,4
NE,Nordeste,2024-09-06,13258.80129167,2024,9,6,4
S,Sul,2024-09-06,13000.8485,2024,9,6,4
SE,Sudeste/Centro-Oeste,2024-09-06,46038.75516667,2024,9,6,4
N,Norte,2024-09-07,7877.750875,2024,9,7,5
NE,Nordeste,2024-09-07,12230.68158333,2024,9,7,5
S,Sul,2024-09-07,11177.86570833,2024,9,7,5
SE,Sudeste/Centro-Oeste,2024-09-07,41715.5045,2024,9,7,5
N,Norte,2024-09-08,7827.75925,2024,9,8,6
NE,Nordeste,2024-09-08,11743.49479167,2024,9,8,6
S,Sul,2024-09-08,10658.373125,2024,9,8,6
SE,Sudeste/Centro-Oeste,2024-09-08,40251.728625,2024,9,8,6
N,Norte,2024-09-09,8577.76391667,2024,9,9,0
NE,Nordeste,2024-09-09,13092.44983333,2024,9,9,0
S,Sul,2024-09-09,14129.08133333,2024,9,9,0
SE,Sudeste/Centro-Oeste,2024-09-09,47135.22845833,2024,9,9,0
N,Norte,2024-09-10,8702.99145833,2024,9,10,1
NE,Nordeste,2024-09-10,13302.05933333,2024,9,10,1
S,Sul,2024-09-10,14933.30816667,2024,9,10,1
SE,Sudeste/Centro-Oeste,2024-09-10,47788.842125,2024,9,10,1
N,Norte,2024-09-11,8788.053875,2024,9,11,2
NE,Nordeste,2024-09-11,13040.29879167,2024,9,11,2
S,Sul,2024-09-11,15021.36270833,2024,9,11,2
SE,Sudeste/Centro-Oeste,2024-09-11,48588.32745833,2024,9,11,2
N,Norte,2024-09-12,8782.11908333,2024,9,12,3
NE,Nordeste,2024-09-12,13004.68083333,2024,9,12,3
S,Sul,2024-09-12,14774.46425,2024,9,12,3
SE,Sudeste/Centro-Oeste,2024-09-12,49364.92441667,2024,9,12,3
N,Norte,2024-09-13,8769.69720833,2024,9,13,4
NE,Nordeste,2024-09-13,13176.89933333,2024,9,13,4
S,Sul,2024-09-13,14001.74920833,2024,9,13,4
SE,Sudeste/Centro-Oeste,2024-09-13,49555.55279167,2024,9,13,4
N,Norte,2024-09-14,8464.02433333,2024,9,14,5
NE,Nordeste,2024-09-14,12547.905,2024,9,14,5
S,Sul,2024-09-14,11455.77716667,2024,9,14,5
SE,Sudeste/Centro-Oeste,2024-09-14,45498.10954167,2024,9,14,5
N,Norte,2024-09-15,8087.96895833,2024,9,15,6
NE,Nordeste,2024-09-15,11954.719125,2024,9,15,6
S,Sul,2024-09-15,9985.41029167,2024,9,15,6
SE,Sudeste/Centro-Oeste,2024-09-15,40417.80675,2024,9,15,6
N,Norte,2024-09-16,8835.104875,2024,9,16,0
NE,Nordeste,2024-09-16,13252.93841667,2024,9,16,0
S,Sul,2024-09-16,12189.83729167,2024,9,16,0
SE,Sudeste/Centro-Oeste,2024-09-16,45380.87691667,2024,9,16,0
N,Norte,2024-09-17,8916.10308333,2024,9,17,1
NE,Nordeste,2024-09-17,13520.75745833,2024,9,17,1
S,Sul,2024-09-17,12443.34529167,2024,9,17,1
SE,Sudeste/Centro-Oeste,2024-09-17,44997.77991667,2024,9,17,1
N,Norte,2024-09-18,8889.48108333,2024,9,18,2
NE,Nordeste,2024-09-18,13732.65004167,2024,9,18,2
S,Sul,2024-09-18,12774.28216667,2024,9,18,2
SE,Sudeste/Centro-Oeste,2024-09-18,45525.85083333,2024,9,18,2
N,Norte,2024-09-19,8856.56395833,2024,9,19,3
NE,Nordeste,2024-09-19,13643.99604167,2024,9,19,3
S,Sul,2024-09-19,13230.62175,2024,9,19,3
SE,Sudeste/Centro-Oeste,2024-09-19,46729.14083333,2024,9,19,3
N,Norte,2024-09-20,8841.05645833,2024,9,20,4
NE,Nordeste,2024-09-20,13692.472875,2024,9,20,4
S,Sul,2024-09-20,12729.966125,2024,9,20,4
SE,Sudeste/Centro-Oeste,2024-09-20,48344.553875,2024,9,20,4
N,Norte,2024-09-21,8551.72758333,2024,9,21,5
NE,Nordeste,2024-09-21,12922.72970833,2024,9,21,5
S,Sul,2024-09-21,10668.419375,2024,9,21,5
SE,Sudeste/Centro-Oeste,2024-09-21,44400.75895833,2024,9,21,5
N,Norte,2024-09-22,8130.13508333,2024,9,22,6
NE,Nordeste,2024-09-22,12225.42008333,2024,9,22,6
S,Sul,2024-09-22,10354.424625,2024,9,22,6
SE,Sudeste/Centro-Oeste,2024-09-22,41701.41466667,2024,9,22,6
N,Norte,2024-09-23,8795.63375,2024,9,23,0
NE,Nordeste,2024-09-23,13754.789125,2024,9,23,0
S,Sul,2024-09-23,13769.712375,2024,9,23,0
SE,Sudeste/Centro-Oeste,2024-09-23,49073.882625,2024,9,23,0
N,Norte,2024-09-24,8658.09975,2024,9,24,1
NE,Nordeste,2024-09-24,13990.42979167,2024,9,24,1
S,Sul,2024-09-24,14584.09504167,2024,9,24,1
SE,Sudeste/Centro-Oeste,2024-09-24,50689.43870833,2024,9,24,1
N,Norte,2024-09-25,8581.58604167,2024,9,25,2
NE,Nordeste,2024-09-25,13899.71108333,2024,9,25,2
S,Sul,2024-09-25,14190.591625,2024,9,25,2
SE,Sudeste/Centro-Oeste,2024-09-25,51713.03433333,2024,9,25,2
N,Norte,2024-09-26,8702.851375,2024,9,26,3
NE,Nordeste,2024-09-26,13859.28645833,2024,9,26,3
S,Sul,2024-09-26,13987.00841667,2024,9,26,3
SE,Sudeste/Centro-Oeste,2024-09-26,51737.91691667,2024,9,26,3
N,Norte,2024-09-27,8695.203875,2024,9,27,4
NE,Nordeste,2024-09-27,14048.04091667,2024,9,27,4
S,Sul,2024-09-27,13766.41304167,2024,9,27,4
SE,Sudeste/Centro-Oeste,2024-09-27,49595.99658333,2024,9,27,4
N,Norte,2024-09-28,8277.5085,2024,9,28,5
NE,Nordeste,2024-09-28,13560.1055,2024,9,28,5
S,Sul,2024-09-28,11693.16395833,2024,9,28,5
SE,Sudeste/Centro-Oeste,2024-09-28,43465.27966667,2024,9,28,5
N,Norte,2024-09-29,7950.11875,2024,9,29,6
NE,Nordeste,2024-09-29,12543.73345833,2024,9,29,6
S,Sul,2024-09-29,10536.38445833,2024,9,29,6
SE,Sudeste/Centro-Oeste,2024-09-29,39758.656375,2024,9,29,6
N,Norte,2024-09-30,8427.681,2024,9,30,0
NE,Nordeste,2024-09-30,13822.22854167,2024,9,30,0
S,Sul,2024-09-30,14480.01133333,2024,9,30,0
SE,Sudeste/Centro-Oeste,2024-09-30,46938.13683333,2024,9,30,0
N,Norte,2024-10-01,8478.62466667,2024,10,1,1
NE,Nordeste,2024-10-01,13919.317,2024,10,1,1
S,Sul,2024-10-01,15706.73670833,2024,10,1,1
SE,Sudeste/Centro-Oeste,2024-10-01,49514.69129167,2024,10,1,1
N,Norte,2024-10-02,8677.3215,2024,10,2,2
NE,Nordeste,2024-10-02,14237.58633333,2024,10,2,2
S,Sul,2024-10-02,15134.14245833,2024,10,2,2
SE,Sudeste/Centro-Oeste,2024-10-02,51163.172125,2024,10,2,2
N,Norte,2024-10-03,8588.003,2024,10,3,3
NE,Nordeste,2024-10-03,14234.37508333,2024,10,3,3
S,Sul,2024-10-03,13245.315625,2024,10,3,3
SE,Sudeste/Centro-Oeste,2024-10-03,49896.48054167,2024,10,3,3
N,Norte,2024-10-04,8562.11775,2024,10,4,4
NE,Nordeste,2024-10-04,14203.24595833,2024,10,4,4
S,Sul,2024-10-04,13507.23645833,2024,10,4,4
SE,Sudeste/Centro-Oeste,2024-10-04,46827.97283333,2024,10,4,4
N,Norte,2024-10-05,8399.60716667,2024,10,5,5
NE,Nordeste,2024-10-05,13347.99379167,2024,10,5,5
S,Sul,2024-10-05,11632.42225,2024,10,5,5
SE,Sudeste/Centro-Oeste,2024-10-05,43057.85341667,2024,10,5,5
N,Norte,2024-10-06,7853.06595833,2024,10,6,6
NE,Nordeste,2024-10-06,11537.47645833,2024,10,6,6
S,Sul,2024-10-06,10497.56654167,2024,10,6,6
SE,Sudeste/Centro-Oeste,2024-10-06,39841.413875,2024,10,6,6
N,Norte,2024-10-07,8300.72229167,2024,10,7,0
NE,Nordeste,2024-10-07,14082.71441667,2024,10,7,0
S,Sul,2024-10-07,14003.31620833,2024,10,7,0
SE,Sudeste/Centro-Oeste,2024-10-07,46498.158625,2024,10,7,0
N,Norte,2024-10-08,8547.26704167,2024,10,8,1
NE,Nordeste,2024-10-08,14535.832125,2024,10,8,1
S,Sul,2024-10-08,14499.26016667,2024,10,8,1
SE,Sudeste/Centro-Oeste,2024-10-08,49056.10275,2024,10,8,1
N,Norte,2024-10-09,8672.47904167,2024,10,9,2
NE,Nordeste,2024-10-09,14738.85775,2024,10,9,2
S,Sul,2024-10-09,14097.89525,2024,10,9,2
SE,Sudeste/Centro-Oeste,2024-10-09,48931.7875,2024,10,9,2
N,Norte,2024-10-10,8732.36216667,2024,10,10,3
NE,Nordeste,2024-10-10,14924.58441667,2024,10,10,3
S,Sul,2024-10-10,13506.21716667,2024,10,10,3
SE,Sudeste/Centro-Oeste,2024-10-10,47029.755375,2024,10,10,3
N,Norte,2024-10-11,8723.53804167,2024,10,11,4
NE,Nordeste,2024-10-11,12463.20079167,2024,10,11,4
S,Sul,2024-10-11,13162.57654167,2024,10,11,4
SE,Sudeste/Centro-Oeste,2024-10-11,45911.417625,2024,10,11,4
N,Norte,2024-10-12,8131.81275,2024,10,12,5
NE,Nordeste,2024-10-12,12821.095625,2024,10,12,5
S,Sul,2024-10-12,9933.95783333,2024,10,12,5
SE,Sudeste/Centro-Oeste,2024-10-12,40234.577625,2024,10,12,5
N,Norte,2024-10-13,7852.11616667,2024,10,13,6
NE,Nordeste,2024-10-13,11832.24229167,2024,10,13,6
S,Sul,2024-10-13,9446.63316667,2024,10,13,6
SE,Sudeste/Centro-Oeste,2024-10-13,38275.36491667,2024,10,13,6
N,Norte,2024-10-14,8553.56133333,2024,10,14,0
NE,Nordeste,2024-10-14,14008.01166667,2024,10,14,0
S,Sul,2024-10-14,12835.80770833,2024,10,14,0
SE,Sudeste/Centro-Oeste,2024-10-14,44797.263625,2024,10,14,0
N,Norte,2024-10-15,8512.29095833,2024,10,15,1
NE,Nordeste,2024-10-15,14388.506375,2024,10,15,1
S,Sul,2024-10-15,13545.84854167,2024,10,15,1
SE,Sudeste/Centro-Oeste,2024-10-15,46074.3085,2024,10,15,1
N,Norte,2024-10-16,8322.279875,2024,10,16,2
NE,Nordeste,2024-10-16,14346.13079167,2024,10,16,2
S,Sul,2024-10-16,13132.31570833,2024,10,16,2
SE,Sudeste/Centro-Oeste,2024-10-16,46687.46404167,2024,10,16,2
N,Norte,2024-10-17,8356.57041667,2024,10,17,3
NE,Nordeste,2024-10-17,14206.553625,2024,10,17,3
S,Sul,2024-10-17,13463.323125,2024,10,17,3
SE,Sudeste/Centro-Oeste,2024-10-17,47608.88975,2024,10,17,3
N,Norte,2024-10-18,8403.240875,2024,10,18,4
NE,Nordeste,2024-10-18,14105.16208333,2024,10,18,4
S,Sul,2024-10-18,14291.77345833,2024,10,18,4
SE,Sudeste/Centro-Oeste,2024-10-18,47180.794375,2024,10,18,4
N,Norte,2024-10-19,8231.74141667,2024,10,19,5
NE,Nordeste,2024-10-19,13084.59704167,2024,10,19,5
S,Sul,2024-10-19,12176.265875,2024,10,19,5
SE,Sudeste/Centro-Oeste,2024-10-19,41806.05279167,2024,10,19,5
N,Norte,2024-10-20,7833.76725,2024,10,20,6
NE,Nordeste,2024-10-20,11969.45941667,2024,10,20,6
S,Sul,2024-10-20,10561.05625,2024,10,20,6
SE,Sudeste/Centro-Oeste,2024-10-20,37182.895375,2024,10,20,6
N,Norte,2024-10-21,8417.4535,2024,10,21,0
NE,Nordeste,2024-10-21,13615.45795833,2024,10,21,0
S,Sul,2024-10-21,14160.45991667,2024,10,21,0
SE,Sudeste/Centro-Oeste,2024-10-21,43199.76591667,2024,10,21,0
N,Norte,2024-10-22,8153.917625,2024,10,22,1
NE,Nordeste,2024-10-22,13914.193625,2024,10,22,1
S,Sul,2024-10-22,15918.20208333,2024,10,22,1
SE,Sudeste/Centro-Oeste,2024-10-22,46292.39070833,2024,10,22,1
N,Norte,2024-10-23,8389.07229167,2024,10,23,2
NE,Nordeste,2024-10-23,14139.52495833,2024,10,23,2
S,Sul,2024-10-23,16147.83908333,2024,10,23,2
SE,Sudeste/Centro-Oeste,2024-10-23,47678.50104167,2024,10,23,2
N,Norte,2024-10-24,8499.02779167,2024,10,24,3
NE,Nordeste,2024-10-24,14268.865,2024,10,24,3
S,Sul,2024-10-24,15258.91404167,2024,10,24,3
SE,Sudeste/Centro-Oeste,2024-10-24,47817.89675,2024,10,24,3
N,Norte,2024-10-25,8558.17720833,2024,10,25,4
NE,Nordeste,2024-10-25,14193.49075,2024,10,25,4
S,Sul,2024-10-25,14624.510875,2024,10,25,4
SE,Sudeste/Centro-Oeste,2024-10-25,48467.10504167,2024,10,25,4
N,Norte,2024-10-26,8267.82625,2024,10,26,5
NE,Nordeste,2024-10-26,13552.81658333,2024,10,26,5
S,Sul,2024-10-26,12161.54725,2024,10,26,5
SE,Sudeste/Centro-Oeste,2024-10-26,44737.45633333,2024,10,26,5
N,Norte,2024-10-27,7808.59283333,2024,10,27,6
NE,Nordeste,2024-10-27,12419.74554167,2024,10,27,6
S,Sul,2024-10-27,10440.78283333,2024,10,27,6
SE,Sudeste/Centro-Oeste,2024-10-27,38344.99595833,2024,10,27,6
N,Norte,2024-10-28,8323.03908333,2024,10,28,0
NE,Nordeste,2024-10-28,14046.03904167,2024,10,28,0
S,Sul,2024-10-28,13951.87416667,2024,10,28,0
SE,Sudeste/Centro-Oeste,2024-10-28,42963.25979167,2024,10,28,0
N,Norte,2024-10-29,8663.671,2024,10,29,1
NE,Nordeste,2024-10-29,14341.72266667,2024,10,29,1
S,Sul,2024-10-29,15182.01795833,2024,10,29,1
SE,Sudeste/Centro-Oeste,2024-10-29,44241.11066667,2024,10,29,1
N,Norte,2024-10-30,8569.02975,2024,10,30,2
NE,Nordeste,2024-10-30,14446.29529167,2024,10,30,2
S,Sul,2024-10-30,15343.80770833,2024,10,30,2
SE,Sudeste/Centro-Oeste,2024-10-30,44794.12591667,2024,10,30,2
N,Norte,2024-10-31,8257.10504167,2024,10,31,3
NE,Nordeste,2024-10-31,14312.94641667,2024,10,31,3
S,Sul,2024-10-31,15450.9,2024,10,31,3
SE,Sudeste/Centro-Oeste,2024-10-31,44661.49716667,2024,10,31,3
N,Norte,2024-11-01,8317.47258333,2024,11,1,4
NE,Nordeste,2024-11-01,14157.57266667,2024,11,1,4
S,Sul,2024-11-01,15298.494625,2024,11,1,4
SE,Sudeste/Centro-Oeste,2024-11-01,44664.694125,2024,11,1,4
N,Norte,2024-11-02,8102.065625,2024,11,2,5
NE,Nordeste,2024-11-02,13019.49854167,2024,11,2,5
S,Sul,2024-11-02,12831.68279167,2024,11,2,5
SE,Sudeste/Centro-Oeste,2024-11-02,40804.833625,2024,11,2,5
N,Norte,2024-11-03,7998.829875,2024,11,3,6
NE,Nordeste,2024-11-03,12638.49520833,2024,11,3,6
S,Sul,2024-11-03,11425.91175,2024,11,3,6
SE,Sudeste/Centro-Oeste,2024-11-03,38799.34445833,2024,11,3,6
N,Norte,2024-11-04,8439.2535,2024,11,4,0
NE,Nordeste,2024-11-04,14121.36483333,2024,11,4,0
S,Sul,2024-11-04,14878.86779167,2024,11,4,0
SE,Sudeste/Centro-Oeste,2024-11-04,45446.47729167,2024,11,4,0
N,Norte,2024-11-05,8448.06995833,2024,11,5,1
NE,Nordeste,2024-11-05,14548.35966667,2024,11,5,1
S,Sul,2024-11-05,15729.1065,2024,11,5,1
SE,Sudeste/Centro-Oeste,2024-11-05,45719.97504167,2024,11,5,1
N,Norte,2024-11-06,8486.32695833,2024,11,6,2
NE,Nordeste,2024-11-06,14537.041125,2024,11,6,2
S,Sul,2024-11-06,15767.96595833,2024,11,6,2
SE,Sudeste/Centro-Oeste,2024-11-06,46903.43970833,2024,11,6,2
N,Norte,2024-11-07,8595.38708333,2024,11,7,3
NE,Nordeste,2024-11-07,14350.53520833,2024,11,7,3
S,Sul,2024-11-07,14998.67579167,2024,11,7,3
SE,Sudeste/Centro-Oeste,2024-11-07,47481.154,2024,11,7,3
N,Norte,2024-11-08,8249.03670833,2024,11,8,4
NE,Nordeste,2024-11-08,14564.79008333,2024,11,8,4
S,Sul,2024-11-08,14379.478375,2024,11,8,4
SE,Sudeste/Centro-Oeste,2024-11-08,46286.86191667,2024,11,8,4
N,Norte,2024-11-09,7809.96779167,2024,11,9,5
NE,Nordeste,2024-11-09,12443.85383333,2024,11,9,5
S,Sul,2024-11-09,10445.94675,2024,11,9,5
SE,Sudeste/Centro-Oeste,2024-11-09,38802.48333333,2024,11,9,5
N,Norte,2024-11-10,8136.20645833,2024,11,10,6
NE,Nordeste,2024-11-10,13325.44454167,2024,11,10,6
S,Sul,2024-11-10,11556.09175,2024,11,10,6
SE,Sudeste/Centro-Oeste,2024-11-10,37831.19008333,2024,11,10,6
N,Norte,2024-11-11,8382.94433333,2024,11,11,0
NE,Nordeste,2024-11-11,13833.95679167,2024,11,11,0
S,Sul,2024-11-11,15120.663875,2024,11,11,0
SE,Sudeste/Centro-Oeste,2024-11-11,43940.30220833,2024,11,11,0
N,Norte,2024-11-12,8435.88595833,2024,11,12,1
NE,Nordeste,2024-11-12,14266.27733333,2024,11,12,1
S,Sul,2024-11-12,14656.353125,2024,11,12,1
SE,Sudeste/Centro-Oeste,2024-11-12,46504.15991667,2024,11,12,1
N,Norte,2024-11-13,8514.65641667,2024,11,13,2
NE,Nordeste,2024-11-13,14401.23816667,2024,11,13,2
S,Sul,2024-11-13,13996.68704167,2024,11,13,2
SE,Sudeste/Centro-Oeste,2024-11-13,44426.45679167,2024,11,13,2
N,Norte,2024-11-14,8352.410625,2024,11,14,3
NE,Nordeste,2024-11-14,14254.91970833,2024,11,14,3
S,Sul,2024-11-14,14308.947125,2024,11,14,3
SE,Sudeste/Centro-Oeste,2024-11-14,42744.958125,2024,11,14,3
N,Norte,2024-11-15,7942.25175,2024,11,15,4
NE,Nordeste,2024-11-15,13055.47,2024,11,15,4
S,Sul,2024-11-15,13033.86575,2024,11,15,4
SE,Sudeste/Centro-Oeste,2024-11-15,40262.47529167,2024,11,15,4
N,Norte,2024-11-16,7914.457375,2024,11,16,5
NE,Nordeste,2024-11-16,13168.69808333,2024,11,16,5
S,Sul,2024-11-16,13121.493625,2024,11,16,5
SE,Sudeste/Centro-Oeste,2024-11-16,39955.09879167,2024,11,16,5
N,Norte,2024-11-17,7701.62079167,2024,11,17,6
NE,Nordeste,2024-11-17,12441.98970833,2024,11,17,6
S,Sul,2024-11-17,12677.43695833,2024,11,17,6
SE,Sudeste/Centro-Oeste,2024-11-17,37599.92091667,2024,11,17,6
N,Norte,2024-11-18,8581.27470833,2024,11,18,0
NE,Nordeste,2024-11-18,14228.92791667,2024,11,18,0
S,Sul,2024-11-18,16282.168,2024,11,18,0
SE,Sudeste/Centro-Oeste,2024-11-18,44807.70966667,2024,11,18,0
N,Norte,2024-11-19,8520.207625,2024,11,19,1
NE,Nordeste,2024-11-19,14493.06741667,2024,11,19,1
S,Sul,2024-11-19,16023.81270833,2024,11,19,1
SE,Sudeste/Centro-Oeste,2024-11-19,46679.50158333,2024,11,19,1
N,Norte,2024-11-20,8089.78716667,2024,11,20,2
NE,Nordeste,2024-11-20,13756.9745,2024,11,20,2
S,Sul,2024-11-20,14276.40591667,2024,11,20,2
SE,Sudeste/Centro-Oeste,2024-11-20,44934.32695833,2024,11,20,2
N,Norte,2024-11-21,8389.078375,2024,11,21,3
NE,Nordeste,2024-11-21,14685.12379167,2024,11,21,3
S,Sul,2024-11-21,15032.08395833,2024,11,21,3
SE,Sudeste/Centro-Oeste,2024-11-21,47162.33441667,2024,11,21,3
N,Norte,2024-11-22,8369.550125,2024,11,22,4
NE,Nordeste,2024-11-22,14694.20979167,2024,11,22,4
S,Sul,2024-11-22,14625.58025,2024,11,22,4
SE,Sudeste/Centro-Oeste,2024-11-22,44866.59966667,2024,11,22,4
N,Norte,2024-11-23,8148.45816667,2024,11,23,5
NE,Nordeste,2024-11-23,13918.20441667,2024,11,23,5
S,Sul,2024-11-23,12993.61320833,2024,11,23,5
SE,Sudeste/Centro-Oeste,2024-11-23,40912.418125,2024,11,23,5
N,Norte,2024-11-24,7917.952875,2024,11,24,6
NE,Nordeste,2024-11-24,12689.10791667,2024,11,24,6
S,Sul,2024-11-24,11650.24566667,2024,11,24,6
SE,Sudeste/Centro-Oeste,2024-11-24,37351.62116667,2024,11,24,6
N,Norte,2024-11-25,8412.33175,2024,11,25,0
NE,Nordeste,2024-11-25,13954.75320833,2024,11,25,0
S,Sul,2024-11-25,15335.25666667,2024,11,25,0
SE,Sudeste/Centro-Oeste,2024-11-25,44157.58733333,2024,11,25,0
N,Norte,2024-11-26,8368.88108333,2024,11,26,1
NE,Nordeste,2024-11-26,13835.4105,2024,11,26,1
S,Sul,2024-11-26,16871.955,2024,11,26,1
SE,Sudeste/Centro-Oeste,2024-11-26,46780.66204167,2024,11,26,1
N,Norte,2024-11-27,8453.757,2024,11,27,2
NE,Nordeste,2024-11-27,13839.98583333,2024,11,27,2
S,Sul,2024-11-27,17351.98404167,2024,11,27,2
SE,Sudeste/Centro-Oeste,2024-11-27,49932.57533333,2024,11,27,2
N,Norte,2024-11-28,8610.85954167,2024,11,28,3
NE,Nordeste,2024-11-28,14004.50704167,2024,11,28,3
S,Sul,2024-11-28,16193.07145833,2024,11,28,3
SE,Sudeste/Centro-Oeste,2024-11-28,51918.701125,2024,11,28,3
N,Norte,2024-11-29,8658.96958333,2024,11,29,4
NE,Nordeste,2024-11-29,14187.45266667,2024,11,29,4
S,Sul,2024-11-29,15273.7855,2024,11,29,4
SE,Sudeste/Centro-Oeste,2024-11-29,50708.848625,2024,11,29,4
N,Norte,2024-11-30,8486.27808333,2024,11,30,5
NE,Nordeste,2024-11-30,13590.792,2024,11,30,5
S,Sul,2024-11-30,13603.72866667,2024,11,30,5
SE,Sudeste/Centro-Oeste,2024-11-30,46202.44641667,2024,11,30,5
N,Norte,2024-12-01,8095.87945833,2024,12,1,6
NE,Nordeste,2024-12-01,12909.57566667,2024,12,1,6
S,Sul,2024-12-01,12465.38904167,2024,12,1,6
SE,Sudeste/Centro-Oeste,2024-12-01,42118.8025,2024,12,1,6
N,Norte,2024-12-02,8511.456375,2024,12,2,0
NE,Nordeste,2024-12-02,14536.01958333,2024,12,2,0
S,Sul,2024-12-02,15225.92375,2024,12,2,0
SE,Sudeste/Centro-Oeste,2024-12-02,50132.40783333,2024,12,2,0
N,Norte,2024-12-03,8410.90120833,2024,12,3,1
NE,Nordeste,2024-12-03,14554.89166667,2024,12,3,1
S,Sul,2024-12-03,14544.88216667,2024,12,3,1
SE,Sudeste/Centro-Oeste,2024-12-03,48947.78408333,2024,12,3,1
N,Norte,2024-12-04,8317.84341667,2024,12,4,2
NE,Nordeste,2024-12-04,14303.770875,2024,12,4,2
S,Sul,2024-12-04,14288.81729167,2024,12,4,2
SE,Sudeste/Centro-Oeste,2024-12-04,46408.20291667,2024,12,4,2
N,Norte,2024-12-05,8187.35504167,2024,12,5,3
NE,Nordeste,2024-12-05,14137.21120833,2024,12,5,3
S,Sul,2024-12-05,14971.85345833,2024,12,5,3
SE,Sudeste/Centro-Oeste,2024-12-05,46594.47625,2024,12,5,3
N,Norte,2024-12-06,7840.64404167,2024,12,6,4
NE,Nordeste,2024-12-06,14097.23533333,2024,12,6,4
S,Sul,2024-12-06,16058.123375,2024,12,6,4
SE,Sudeste/Centro-Oeste,2024-12-06,49196.486875,2024,12,6,4
N,Norte,2024-12-07,7405.27158333,2024,12,7,5
NE,Nordeste,2024-12-07,13344.43733333,2024,12,7,5
S,Sul,2024-12-07,12786.00320833,2024,12,7,5
SE,Sudeste/Centro-Oeste,2024-12-07,47149.12245833,2024,12,7,5
N,Norte,2024-12-08,7364.28866667,2024,12,8,6
NE,Nordeste,2024-12-08,12672.93591667,2024,12,8,6
S,Sul,2024-12-08,10187.220625,2024,12,8,6
SE,Sudeste/Centro-Oeste,2024-12-08,44021.65979167,2024,12,8,6
N,Norte,2024-12-09,8101.085,2024,12,9,0
NE,Nordeste,2024-12-09,14125.33925,2024,12,9,0
S,Sul,2024-12-09,13194.56475,2024,12,9,0
SE,Sudeste/Centro-Oeste,2024-12-09,50286.69891667,2024,12,9,0
N,Norte,2024-12-10,8086.20141667,2024,12,10,1
NE,Nordeste,2024-12-10,14382.725,2024,12,10,1
S,Sul,2024-12-10,13660.35766667,2024,12,10,1
SE,Sudeste/Centro-Oeste,2024-12-10,50441.572875,2024,12,10,1
N,Norte,2024-12-11,7947.88620833,2024,12,11,2
NE,Nordeste,2024-12-11,14486.65808333,2024,12,11,2
S,Sul,2024-12-11,14109.27695833,2024,12,11,2
SE,Sudeste/Centro-Oeste,2024-12-11,47942.176,2024,12,11,2
N,Norte,2024-12-12,8104.82533333,2024,12,12,3
NE,Nordeste,2024-12-12,14417.88333333,2024,12,12,3
S,Sul,2024-12-12,14649.37925,2024,12,12,3
SE,Sudeste/Centro-Oeste,2024-12-12,47130.07754167,2024,12,12,3
N,Norte,2024-12-13,8244.59795833,2024,12,13,4
NE,Nordeste,2024-12-13,14488.827875,2024,12,13,4
S,Sul,2024-12-13,14630.3855,2024,12,13,4
SE,Sudeste/Centro-Oeste,2024-12-13,47432.01683333,2024,12,13,4
N,Norte,2024-12-14,7850.206,2024,12,14,5
NE,Nordeste,2024-12-14,13627.26258333,2024,12,14,5
S,Sul,2024-12-14,12387.52191667,2024,12,14,5
SE,Sudeste/Centro-Oeste,2024-12-14,44128.02016667,2024,12,14,5
N,Norte,2024-12-15,7547.37816667,2024,12,15,6
NE,Nordeste,2024-12-15,12794.10979167,2024,12,15,6
S,Sul,2024-12-15,10913.587875,2024,12,15,6
SE,Sudeste/Centro-Oeste,2024-12-15,40371.445625,2024,12,15,6
N,Norte,2024-12-16,8072.37491667,2024,12,16,0
NE,Nordeste,2024-12-16,14254.01904167,2024,12,16,0
S,Sul,2024-12-16,13769.45683333,2024,12,16,0
SE,Sudeste/Centro-Oeste,2024-12-16,47295.76641667,2024,12,16,0
N,Norte,2024-12-17,8048.79525,2024,12,17,1
NE,Nordeste,2024-12-17,14558.34725,2024,12,17,1
S,Sul,2024-12-17,14092.37725,2024,12,17,1
SE,Sudeste/Centro-Oeste,2024-12-17,47742.92295833,2024,12,17,1
N,Norte,2024-12-18,7955.70904167,2024,12,18,2
NE,Nordeste,2024-12-18,14458.669125,2024,12,18,2
S,Sul,2024-12-18,14219.1,2024,12,18,2
SE,Sudeste/Centro-Oeste,2024-12-18,47173.56145833,2024,12,18,2
N,Norte,2024-12-19,8056.98658333,2024,12,19,3
NE,Nordeste,2024-12-19,14336.63420833,2024,12,19,3
S,Sul,2024-12-19,14182.25691667,2024,12,19,3
SE,Sudeste/Centro-Oeste,2024-12-19,47819.12795833,2024,12,19,3
N,Norte,2024-12-20,8098.83770833,2024,12,20,4
NE,Nordeste,2024-12-20,14284.96775,2024,12,20,4
S,Sul,2024-12-20,14504.60270833,2024,12,20,4
SE,Sudeste/Centro-Oeste,2024-12-20,47370.40833333,2024,12,20,4
N,Norte,2024-12-21,7868.12358333,2024,12,21,5
NE,Nordeste,2024-12-21,13445.35266667,2024,12,21,5
S,Sul,2024-12-21,13218.84579167,2024,12,21,5
SE,Sudeste/Centro-Oeste,2024-12-21,43522.64529167,2024,12,21,5
N,Norte,2024-12-22,7702.24529167,2024,12,22,6
NE,Nordeste,2024-12-22,12874.03804167,2024,12,22,6
S,Sul,2024-12-22,11689.15120833,2024,12,22,6
SE,Sudeste/Centro-Oeste,2024-12-22,40189.27820833,2024,12,22,6
N,Norte,2024-12-23,8052.57970833,2024,12,23,0
NE,Nordeste,2024-12-23,13885.69541667,2024,12,23,0
S,Sul,2024-12-23,12285.058125,2024,12,23,0
SE,Sudeste/Centro-Oeste,2024-12-23,43000.47504167,2024,12,23,0
N,Norte,2024-12-24,7748.28770833,2024,12,24,1
NE,Nordeste,2024-12-24,13273.527375,2024,12,24,1
S,Sul,2024-12-24,11929.74175,2024,12,24,1
SE,Sudeste/Centro-Oeste,2024-12-24,39820.755,2024,12,24,1
N,Norte,2024-12-25,7190.63979167,2024,12,25,2
NE,Nordeste,2024-12-25,11969.418,2024,12,25,2
S,Sul,2024-12-25,10676.84583333,2024,12,25,2
SE,Sudeste/Centro-Oeste,2024-12-25,36579.67341667,2024,12,25,2
N,Norte,2024-12-26,7702.05904167,2024,12,26,3
NE,Nordeste,2024-12-26,13580.00545833,2024,12,26,3
S,Sul,2024-12-26,11878.32583333,2024,12,26,3
SE,Sudeste/Centro-Oeste,2024-12-26,42234.33475,2024,12,26,3
N,Norte,2024-12-27,7844.21091667,2024,12,27,4
NE,Nordeste,2024-12-27,13882.746375,2024,12,27,4
S,Sul,2024-12-27,12800.93879167,2024,12,27,4
SE,Sudeste/Centro-Oeste,2024-12-27,42696.90629167,2024,12,27,4
N,Norte,2024-12-28,7767.35691667,2024,12,28,5
NE,Nordeste,2024-12-28,13509.53379167,2024,12,28,5
S,Sul,2024-12-28,12649.711875,2024,12,28,5
SE,Sudeste/Centro-Oeste,2024-12-28,40889.580625,2024,12,28,5
N,Norte,2024-12-29,7375.00025,2024,12,29,6
NE,Nordeste,2024-12-29,12917.68854167,2024,12,29,6
S,Sul,2024-12-29,11543.37479167,2024,12,29,6
SE,Sudeste/Centro-Oeste,2024-12-29,38412.46816667,2024,12,29,6
N,Norte,2024-12-30,7681.57508333,2024,12,30,0
NE,Nordeste,2024-12-30,13661.238375,2024,12,30,0
S,Sul,2024-12-30,12517.65245833,2024,12,30,0
SE,Sudeste/Centro-Oeste,2024-12-30,40639.167375,2024,12,30,0
N,Norte,2024-12-31,7579.5865,2024,12,31,1
NE,Nordeste,2024-12-31,13092.66758333,2024,12,31,1
S,Sul,2024-12-31,11997.24066667,2024,12,31,1
SE,Sudeste/Centro-Oeste,2024-12-31,38959.76245833,2024,12,31,1
N,Norte,2025-01-01,7163.46820833,2025,1,1,2
NE,Nordeste,2025-01-01,11925.96770833,2025,1,1,2
S,Sul,2025-01-01,11100.2475,2025,1,1,2
SE,Sudeste/Centro-Oeste,2025-01-01,35903.90045833,2025,1,1,2
N,Norte,2025-01-02,7705.15595833,2025,1,2,3
NE,Nordeste,2025-01-02,13837.74179167,2025,1,2,3
S,Sul,2025-01-02,13346.92175,2025,1,2,3
SE,Sudeste/Centro-Oeste,2025-01-02,42515.2345,2025,1,2,3
N,Norte,2025-01-03,7800.78970833,2025,1,3,4
NE,Nordeste,2025-01-03,14230.539125,2025,1,3,4
S,Sul,2025-01-03,13902.76670833,2025,1,3,4
SE,Sudeste/Centro-Oeste,2025-01-03,44511.483125,2025,1,3,4
N,Norte,2025-01-04,7450.60079167,2025,1,4,5
NE,Nordeste,2025-01-04,13631.72570833,2025,1,4,5
S,Sul,2025-01-04,12999.33008333,2025,1,4,5
SE,Sudeste/Centro-Oeste,2025-01-04,42866.86179167,2025,1,4,5
N,Norte,2025-01-05,7168.76116667,2025,1,5,6
NE,Nordeste,2025-01-05,13033.418625,2025,1,5,6
S,Sul,2025-01-05,12025.148125,2025,1,5,6
SE,Sudeste/Centro-Oeste,2025-01-05,39566.96625,2025,1,5,6
N,Norte,2025-01-06,7659.8265,2025,1,6,0
NE,Nordeste,2025-01-06,14514.239875,2025,1,6,0
S,Sul,2025-01-06,14605.04695833,2025,1,6,0
SE,Sudeste/Centro-Oeste,2025-01-06,45811.22641667,2025,1,6,0
N,Norte,2025-01-07,7788.91083333,2025,1,7,1
NE,Nordeste,2025-01-07,14483.49083333,2025,1,7,1
S,Sul,2025-01-07,15353.33925,2025,1,7,1
SE,Sudeste/Centro-Oeste,2025-01-07,46742.8355,2025,1,7,1
N,Norte,2025-01-08,7784.15675,2025,1,8,2
NE,Nordeste,2025-01-08,14667.06675,2025,1,8,2
S,Sul,2025-01-08,15763.95804167,2025,1,8,2
SE,Sudeste/Centro-Oeste,2025-01-08,47114.19408333,2025,1,8,2
N,Norte,2025-01-09,7829.42,2025,1,9,3
NE,Nordeste,2025-01-09,14771.20779167,2025,1,9,3
S,Sul,2025-01-09,15659.32383333,2025,1,9,3
SE,Sudeste/Centro-Oeste,2025-01-09,46350.036375,2025,1,9,3
N,Norte,2025-01-10,7868.8045,2025,1,10,4
NE,Nordeste,2025-01-10,14400.03791667,2025,1,10,4
S,Sul,2025-01-10,15858.67195833,2025,1,10,4
SE,Sudeste/Centro-Oeste,2025-01-10,45868.24904167,2025,1,10,4
N,Norte,2025-01-11,7632.11179167,2025,1,11,5
NE,Nordeste,2025-01-11,13472.51741667,2025,1,11,5
S,Sul,2025-01-11,13941.50325,2025,1,11,5
SE,Sudeste/Centro-Oeste,2025-01-11,43162.15883333,2025,1,11,5
N,Norte,2025-01-12,7307.23725,2025,1,12,6
NE,Nordeste,2025-01-12,12468.62370833,2025,1,12,6
S,Sul,2025-01-12,12148.76004167,2025,1,12,6
SE,Sudeste/Centro-Oeste,2025-01-12,39757.97575,2025,1,12,6
N,Norte,2025-01-13,7802.83708333,2025,1,13,0
NE,Nordeste,2025-01-13,13291.03045833,2025,1,13,0
S,Sul,2025-01-13,15531.25854167,2025,1,13,0
SE,Sudeste/Centro-Oeste,2025-01-13,45181.728125,2025,1,13,0
N,Norte,2025-01-14,7680.27370833,2025,1,14,1
NE,Nordeste,2025-01-14,13532.02858333,2025,1,14,1
S,Sul,2025-01-14,16397.49045833,2025,1,14,1
SE,Sudeste/Centro-Oeste,2025-01-14,45720.62383333,2025,1,14,1
N,Norte,2025-01-15,7641.602875,2025,1,15,2
NE,Nordeste,2025-01-15,13211.62066667,2025,1,15,2
S,Sul,2025-01-15,16660.528375,2025,1,15,2
SE,Sudeste/Centro-Oeste,2025-01-15,46287.59545833,2025,1,15,2
N,Norte,2025-01-16,7679.46058333,2025,1,16,3
NE,Nordeste,2025-01-16,13185.16016667,2025,1,16,3
S,Sul,2025-01-16,16908.57558333,2025,1,16,3
SE,Sudeste/Centro-Oeste,2025-01-16,47722.29633333,2025,1,16,3
N,Norte,2025-01-17,7677.75333333,2025,1,17,4
NE,Nordeste,2025-01-17,13151.25091667,2025,1,17,4
S,Sul,2025-01-17,17010.2495,2025,1,17,4
SE,Sudeste/Centro-Oeste,2025-01-17,48887.67104167,2025,1,17,4
N,Norte,2025-01-18,7398.0885,2025,1,18,5
NE,Nordeste,2025-01-18,12639.28966667,2025,1,18,5
S,Sul,2025-01-18,15302.06741667,2025,1,18,5
SE,Sudeste/Centro-Oeste,2025-01-18,46063.66275,2025,1,18,5
N,Norte,2025-01-19,6858.350125,2025,1,19,6
NE,Nordeste,2025-01-19,12115.51983333,2025,1,19,6
S,Sul,2025-01-19,13938.62641667,2025,1,19,6
SE,Sudeste/Centro-Oeste,2025-01-19,43781.68758333,2025,1,19,6
N,Norte,2025-01-20,7755.431625,2025,1,20,0
NE,Nordeste,2025-01-20,13243.502375,2025,1,20,0
S,Sul,2025-01-20,16868.91945833,2025,1,20,0
SE,Sudeste/Centro-Oeste,2025-01-20,50517.57879167,2025,1,20,0
N,Norte,2025-01-21,7765.85929167,2025,1,21,1
NE,Nordeste,2025-01-21,13706.212375,2025,1,21,1
S,Sul,2025-01-21,16848.96891667,2025,1,21,1
SE,Sudeste/Centro-Oeste,2025-01-21,53362.516375,2025,1,21,1
N,Norte,2025-01-22,7777.167625,2025,1,22,2
NE,Nordeste,2025-01-22,13763.850125,2025,1,22,2
S,Sul,2025-01-22,17592.585625,2025,1,22,2
SE,Sudeste/Centro-Oeste,2025-01-22,54012.871,2025,1,22,2
N,Norte,2025-01-23,7830.04275,2025,1,23,3
NE,Nordeste,2025-01-23,13461.009125,2025,1,23,3
S,Sul,2025-01-23,17883.68216667,2025,1,23,3
SE,Sudeste/Centro-Oeste,2025-01-23,52777.585125,2025,1,23,3
N,Norte,2025-01-24,7770.6575,2025,1,24,4
NE,Nordeste,2025-01-24,13431.91154167,2025,1,24,4
S,Sul,2025-01-24,17383.731125,2025,1,24,4
SE,Sudeste/Centro-Oeste,2025-01-24,52024.59404167,2025,1,24,4
N,Norte,2025-01-25,7314.75154167,2025,1,25,5
NE,Nordeste,2025-01-25,12665.053875,2025,1,25,5
S,Sul,2025-01-25,14674.21516667,2025,1,25,5
SE,Sudeste/Centro-Oeste,2025-01-25,48700.13366667,2025,1,25,5
N,Norte,2025-01-26,7109.84925,2025,1,26,6
NE,Nordeste,2025-01-26,12003.77775,2025,1,26,6
S,Sul,2025-01-26,12625.20458333,2025,1,26,6
SE,Sudeste/Centro-Oeste,2025-01-26,44930.48495833,2025,1,26,6
N,Norte,2025-01-27,7814.205625,2025,1,27,0
NE,Nordeste,2025-01-27,13198.869625,2025,1,27,0
S,Sul,2025-01-27,16468.24329167,2025,1,27,0
SE,Sudeste/Centro-Oeste,2025-01-27,50163.15441667,2025,1,27,0
N,Norte,2025-01-28,8088.05104167,2025,1,28,1
NE,Nordeste,2025-01-28,13608.34554167,2025,1,28,1
S,Sul,2025-01-28,16625.34654167,2025,1,28,1
SE,Sudeste/Centro-Oeste,2025-01-28,50797.05908333,2025,1,28,1
N,Norte,2025-01-29,8005.18333333,2025,1,29,2
NE,Nordeste,2025-01-29,13561.69041667,2025,1,29,2
S,Sul,2025-01-29,16783.70058333,2025,1,29,2
SE,Sudeste/Centro-Oeste,2025-01-29,50758.94829167,2025,1,29,2
N,Norte,2025-01-30,7850.74945833,2025,1,30,3
NE,Nordeste,2025-01-30,13592.698,2025,1,30,3
S,Sul,2025-01-30,16447.07875,2025,1,30,3
SE,Sudeste/Centro-Oeste,2025-01-30,49544.85808333,2025,1,30,3
N,Norte,2025-01-31,7764.70733333,2025,1,31,4
NE,Nordeste,2025-01-31,13026.52245833,2025,1,31,4
S,Sul,2025-01-31,15543.76075,2025,1,31,4
SE,Sudeste/Centro-Oeste,2025-01-31,47953.30633333,2025,1,31,4
N,Norte,2025-02-01,7429.728875,2025,2,1,5
NE,Nordeste,2025-02-01,12767.80708333,2025,2,1,5
S,Sul,2025-02-01,14424.96095833,2025,2,1,5
SE,Sudeste/Centro-Oeste,2025-02-01,44315.19225,2025,2,1,5
N,Norte,2025-02-02,7129.51754167,2025,2,2,6
NE,Nordeste,2025-02-02,12042.90154167,2025,2,2,6
S,Sul,2025-02-02,13246.718625,2025,2,2,6
SE,Sudeste/Centro-Oeste,2025-02-02,41382.597875,2025,2,2,6
N,Norte,2025-02-03,7579.88079167,2025,2,3,0
NE,Nordeste,2025-02-03,13585.376625,2025,2,3,0
S,Sul,2025-02-03,17375.70320833,2025,2,3,0
SE,Sudeste/Centro-Oeste,2025-02-03,48278.58741667,2025,2,3,0
N,Norte,2025-02-04,7725.14570833,2025,2,4,1
NE,Nordeste,2025-02-04,13495.54429167,2025,2,4,1
S,Sul,2025-02-04,18278.40779167,2025,2,4,1
SE,Sudeste/Centro-Oeste,2025-02-04,49895.70725,2025,2,4,1
N,Norte,2025-02-05,8007.15741667,2025,2,5,2
NE,Nordeste,2025-02-05,13467.02429167,2025,2,5,2
S,Sul,2025-02-05,18382.65433333,2025,2,5,2
SE,Sudeste/Centro-Oeste,2025-02-05,50629.17516667,2025,2,5,2
N,Norte,2025-02-06,7853.70875,2025,2,6,3
NE,Nordeste,2025-02-06,13291.75995833,2025,2,6,3
S,Sul,2025-02-06,17786.51529167,2025,2,6,3
SE,Sudeste/Centro-Oeste,2025-02-06,51543.79925,2025,2,6,3
N,Norte,2025-02-07,7831.03570833,2025,2,7,4
NE,Nordeste,2025-02-07,13363.11366667,2025,2,7,4
S,Sul,2025-02-07,17169.00225,2025,2,7,4
SE,Sudeste/Centro-Oeste,2025-02-07,52244.18804167,2025,2,7,4
N,Norte,2025-02-08,7581.69933333,2025,2,8,5
NE,Nordeste,2025-02-08,12811.02120833,2025,2,8,5
S,Sul,2025-02-08,14837.38170833,2025,2,8,5
SE,Sudeste/Centro-Oeste,2025-02-08,47702.07045833,2025,2,8,5
N,Norte,2025-02-09,7154.383875,2025,2,9,6
NE,Nordeste,2025-02-09,12193.416,2025,2,9,6
S,Sul,2025-02-09,14003.71858333,2025,2,9,6
SE,Sudeste/Centro-Oeste,2025-02-09,44421.54570833,2025,2,9,6
N,Norte,2025-02-10,7614.797125,2025,2,10,0
NE,Nordeste,2025-02-10,13677.59645833,2025,2,10,0
S,Sul,2025-02-10,18254.565125,2025,2,10,0
SE,Sudeste/Centro-Oeste,2025-02-10,51423.63775,2025,2,10,0
N,Norte,2025-02-11,7793.75958333,2025,2,11,1
NE,Nordeste,2025-02-11,13743.749125,2025,2,11,1
S,Sul,2025-02-11,19246.62816667,2025,2,11,1
SE,Sudeste/Centro-Oeste,2025-02-11,52443.61104167,2025,2,11,1
N,Norte,2025-02-12,7845.56554167,2025,2,12,2
NE,Nordeste,2025-02-12,14151.20429167,2025,2,12,2
S,Sul,2025-02-12,18633.130375,2025,2,12,2
SE,Sudeste/Centro-Oeste,2025-02-12,53277.41983333,2025,2,12,2
N,Norte,2025-02-13,7818.87316667,2025,2,13,3
NE,Nordeste,2025-02-13,14221.62470833,2025,2,13,3
S,Sul,2025-02-13,17488.53791667,2025,2,13,3
SE,Sudeste/Centro-Oeste,2025-02-13,53428.73670833,2025,2,13,3
N,Norte,2025-02-14,7685.50275,2025,2,14,4
NE,Nordeste,2025-02-14,14154.28320833,2025,2,14,4
S,Sul,2025-02-14,16758.71229167,2025,2,14,4
SE,Sudeste/Centro-Oeste,2025-02-14,52974.15508333,2025,2,14,4
N,Norte,2025-02-15,7327.09154167,2025,2,15,5
NE,Nordeste,2025-02-15,13573.73404167,2025,2,15,5
S,Sul,2025-02-15,15188.396125,2025,2,15,5
SE,Sudeste/Centro-Oeste,2025-02-15,49033.897375,2025,2,15,5
N,Norte,2025-02-16,6962.76741667,2025,2,16,6
NE,Nordeste,2025-02-16,12769.26320833,2025,2,16,6
S,Sul,2025-02-16,13834.60041667,2025,2,16,6
SE,Sudeste/Centro-Oeste,2025-02-16,46368.36079167,2025,2,16,6
N,Norte,2025-02-17,7524.995,2025,2,17,0
NE,Nordeste,2025-02-17,14107.02820833,2025,2,17,0
S,Sul,2025-02-17,16970.64433333,2025,2,17,0
SE,Sudeste/Centro-Oeste,2025-02-17,54572.624875,2025,2,17,0
N,Norte,2025-02-18,7800.48370833,2025,2,18,1
NE,Nordeste,2025-02-18,14166.531125,2025,2,18,1
S,Sul,2025-02-18,15533.40670833,2025,2,18,1
SE,Sudeste/Centro-Oeste,2025-02-18,55584.89670833,2025,2,18,1
N,Norte,2025-02-19,7871.27925,2025,2,19,2
NE,Nordeste,2025-02-19,14493.52229167,2025,2,19,2
S,Sul,2025-02-19,15197.056875,2025,2,19,2
SE,Sudeste/Centro-Oeste,2025-02-19,54696.46504167,2025,2,19,2
N,Norte,2025-02-20,7873.97533333,2025,2,20,3
NE,Nordeste,2025-02-20,14355.59491667,2025,2,20,3
S,Sul,2025-02-20,16340.33545833,2025,2,20,3
SE,Sudeste/Centro-Oeste,2025-02-20,55196.378625,2025,2,20,3
N,Norte,2025-02-21,7892.43195833,2025,2,21,4
NE,Nordeste,2025-02-21,14418.26683333,2025,2,21,4
S,Sul,2025-02-21,17132.49216667,2025,2,21,4
SE,Sudeste/Centro-Oeste,2025-02-21,54703.32383333,2025,2,21,4
N,Norte,2025-02-22,7622.221875,2025,2,22,5
NE,Nordeste,2025-02-22,13645.283875,2025,2,22,5
S,Sul,2025-02-22,14961.4465,2025,2,22,5
SE,Sudeste/Centro-Oeste,2025-02-22,49920.81533333,2025,2,22,5
N,Norte,2025-02-23,7484.735,2025,2,23,6
NE,Nordeste,2025-02-23,13440.84166667,2025,2,23,6
S,Sul,2025-02-23,13725.58591667,2025,2,23,6
SE,Sudeste/Centro-Oeste,2025-02-23,46244.20245833,2025,2,23,6
N,Norte,2025-02-24,8049.42354167,2025,2,24,0
NE,Nordeste,2025-02-24,14550.43945833,2025,2,24,0
S,Sul,2025-02-24,17867.44504167,2025,2,24,0
SE,Sudeste/Centro-Oeste,2025-02-24,53483.33475,2025,2,24,0
N,Norte,2025-02-25,8009.48045833,2025,2,25,1
NE,Nordeste,2025-02-25,14671.00354167,2025,2,25,1
S,Sul,2025-02-25,19012.32491667,2025,2,25,1
SE,Sudeste/Centro-Oeste,2025-02-25,54124.661125,2025,2,25,1
N,Norte,2025-02-26,8054.28183333,2025,2,26,2
NE,Nordeste,2025-02-26,14770.66520833,2025,2,26,2
S,Sul,2025-02-26,18919.88275,2025,2,26,2
SE,Sudeste/Centro-Oeste,2025-02-26,54135.93466667,2025,2,26,2
N,Norte,2025-02-27,8058.36766667,2025,2,27,3
NE,Nordeste,2025-02-27,14651.26616667,2025,2,27,3
S,Sul,2025-02-27,18171.01354167,2025,2,27,3
SE,Sudeste/Centro-Oeste,2025-02-27,54235.00870833,2025,2,27,3
N,Norte,2025-02-28,8170.38929167,2025,2,28,4
NE,Nordeste,2025-02-28,14138.75183333,2025,2,28,4
S,Sul,2025-02-28,18653.19933333,2025,2,28,4
SE,Sudeste/Centro-Oeste,2025-02-28,53663.72070833,2025,2,28,4
N,Norte,2025-03-01,7930.64029167,2025,3,1,5
NE,Nordeste,2025-03-01,13067.291875,2025,3,1,5
S,Sul,2025-03-01,15892.24533333,2025,3,1,5
SE,Sudeste/Centro-Oeste,2025-03-01,48358.65675,2025,3,1,5
N,Norte,2025-03-02,7589.58033333,2025,3,2,6
NE,Nordeste,2025-03-02,12436.00320833,2025,3,2,6
S,Sul,2025-03-02,14645.464875,2025,3,2,6
SE,Sudeste/Centro-Oeste,2025-03-02,45119.87858333,2025,3,2,6
N,Norte,2025-03-03,7781.50866667,2025,3,3,0
NE,Nordeste,2025-03-03,12763.18054167,2025,3,3,0
S,Sul,2025-03-03,17498.31370833,2025,3,3,0
SE,Sudeste/Centro-Oeste,2025-03-03,47856.34270833,2025,3,3,0
N,Norte,2025-03-04,7600.18720833,2025,3,4,1
NE,Nordeste,2025-03-04,12535.18775,2025,3,4,1
S,Sul,2025-03-04,17594.59866667,2025,3,4,1
SE,Sudeste/Centro-Oeste,2025-03-04,47364.22766667,2025,3,4,1
N,Norte,2025-03-05,7809.69066667,2025,3,5,2
NE,Nordeste,2025-03-05,13471.86741667,2025,3,5,2
S,Sul,2025-03-05,18796.21179167,2025,3,5,2
SE,Sudeste/Centro-Oeste,2025-03-05,50744.58666667,2025,3,5,2
N,Norte,2025-03-06,8063.00929167,2025,3,6,3
NE,Nordeste,2025-03-06,14247.06004167,2025,3,6,3
S,Sul,2025-03-06,18940.43954167,2025,3,6,3
SE,Sudeste/Centro-Oeste,2025-03-06,52042.31520833,2025,3,6,3
N,Norte,2025-03-07,7925.74504167,2025,3,7,4
NE,Nordeste,2025-03-07,14326.12083333,2025,3,7,4
S,Sul,2025-03-07,18686.32470833,2025,3,7,4
SE,Sudeste/Centro-Oeste,2025-03-07,52164.23575,2025,3,7,4
N,Norte,2025-03-08,7627.42875,2025,3,8,5
NE,Nordeste,2025-03-08,13624.05270833,2025,3,8,5
S,Sul,2025-03-08,16613.05916667,2025,3,8,5
SE,Sudeste/Centro-Oeste,2025-03-08,48480.89925,2025,3,8,5
N,Norte,2025-03-09,7523.78766667,2025,3,9,6
NE,Nordeste,2025-03-09,12597.55591667,2025,3,9,6
S,Sul,2025-03-09,13879.61391667,2025,3,9,6
SE,Sudeste/Centro-Oeste,2025-03-09,45590.832375,2025,3,9,6
N,Norte,2025-03-10,8003.20895833,2025,3,10,0
NE,Nordeste,2025-03-10,13791.85725,2025,3,10,0
S,Sul,2025-03-10,15689.47604167,2025,3,10,0
SE,Sudeste/Centro-Oeste,2025-03-10,52586.545625,2025,3,10,0
N,Norte,2025-03-11,8071.790625,2025,3,11,1
NE,Nordeste,2025-03-11,14502.49404167,2025,3,11,1
S,Sul,2025-03-11,16140.8745,2025,3,11,1
SE,Sudeste/Centro-Oeste,2025-03-11,53057.79045833,2025,3,11,1
N,Norte,2025-03-12,8029.66654167,2025,3,12,2
NE,Nordeste,2025-03-12,14852.41745833,2025,3,12,2
S,Sul,2025-03-12,15896.13679167,2025,3,12,2
SE,Sudeste/Centro-Oeste,2025-03-12,52207.535,2025,3,12,2
N,Norte,2025-03-13,8197.1835,2025,3,13,3
NE,Nordeste,2025-03-13,14773.16933333,2025,3,13,3
S,Sul,2025-03-13,16029.00191667,2025,3,13,3
SE,Sudeste/Centro-Oeste,2025-03-13,52614.206,2025,3,13,3
N,Norte,2025-03-14,8152.64116667,2025,3,14,4
NE,Nordeste,2025-03-14,14591.96741667,2025,3,14,4
S,Sul,2025-03-14,15193.57895833,2025,3,14,4
SE,Sudeste/Centro-Oeste,2025-03-14,52025.99679167,2025,3,14,4
N,Norte,2025-03-15,7931.41754167,2025,3,15,5
NE,Nordeste,2025-03-15,13629.064,2025,3,15,5
S,Sul,2025-03-15,13341.89929167,2025,3,15,5
SE,Sudeste/Centro-Oeste,2025-03-15,48471.10245833,2025,3,15,5
N,Norte,2025-03-16,7579.664625,2025,3,16,6
NE,Nordeste,2025-03-16,12887.61570833,2025,3,16,6
S,Sul,2025-03-16,11727.03445833,2025,3,16,6
SE,Sudeste/Centro-Oeste,2025-03-16,44230.10891667,2025,3,16,6
N,Norte,2025-03-17,7974.42575,2025,3,17,0
NE,Nordeste,2025-03-17,14190.8665,2025,3,17,0
S,Sul,2025-03-17,15704.44233333,2025,3,17,0
SE,Sudeste/Centro-Oeste,2025-03-17,49762.941875,2025,3,17,0
N,Norte,2025-03-18,8033.25495833,2025,3,18,1
NE,Nordeste,2025-03-18,14214.4635,2025,3,18,1
S,Sul,2025-03-18,16132.50866667,2025,3,18,1
SE,Sudeste/Centro-Oeste,2025-03-18,50190.14729167,2025,3,18,1
N,Norte,2025-03-19,8069.23291667,2025,3,19,2
NE,Nordeste,2025-03-19,14404.94225,2025,3,19,2
S,Sul,2025-03-19,15569.97970833,2025,3,19,2
SE,Sudeste/Centro-Oeste,2025-03-19,48664.72195833,2025,3,19,2
N,Norte,2025-03-20,8052.1825,2025,3,20,3
NE,Nordeste,2025-03-20,14724.91995833,2025,3,20,3
S,Sul,2025-03-20,15653.02704167,2025,3,20,3
SE,Sudeste/Centro-Oeste,2025-03-20,47096.89608333,2025,3,20,3
N,Norte,2025-03-21,8192.76866667,2025,3,21,4
NE,Nordeste,2025-03-21,14446.65416667,2025,3,21,4
S,Sul,2025-03-21,15539.7825,2025,3,21,4
SE,Sudeste/Centro-Oeste,2025-03-21,47240.64004167,2025,3,21,4
N,Norte,2025-03-22,7754.818875,2025,3,22,5
NE,Nordeste,2025-03-22,13655.82220833,2025,3,22,5
S,Sul,2025-03-22,13784.04366667,2025,3,22,5
SE,Sudeste/Centro-Oeste,2025-03-22,44389.937125,2025,3,22,5
N,Norte,2025-03-23,7600.85958333,2025,3,23,6
NE,Nordeste,2025-03-23,12698.10933333,2025,3,23,6
S,Sul,2025-03-23,12731.25333333,2025,3,23,6
SE,Sudeste/Centro-Oeste,2025-03-23,42198.81875,2025,3,23,6
N,Norte,2025-03-24,8273.21904167,2025,3,24,0
NE,Nordeste,2025-03-24,14094.760625,2025,3,24,0
S,Sul,2025-03-24,16423.86754167,2025,3,24,0
SE,Sudeste/Centro-Oeste,2025-03-24,48138.80125,2025,3,24,0
N,Norte,2025-03-25,8385.097875,2025,3,25,1
NE,Nordeste,2025-03-25,14180.32154167,2025,3,25,1
S,Sul,2025-03-25,16568.3235,2025,3,25,1
SE,Sudeste/Centro-Oeste,2025-03-25,49075.49004167,2025,3,25,1
N,Norte,2025-03-26,8271.78758333,2025,3,26,2
NE,Nordeste,2025-03-26,14470.107125,2025,3,26,2
S,Sul,2025-03-26,15960.01775,2025,3,26,2
SE,Sudeste/Centro-Oeste,2025-03-26,49448.34595833,2025,3,26,2
N,Norte,2025-03-27,8240.90295833,2025,3,27,3
NE,Nordeste,2025-03-27,14358.58558333,2025,3,27,3
S,Sul,2025-03-27,16082.30654167,2025,3,27,3
SE,Sudeste/Centro-Oeste,2025-03-27,48582.57733333,2025,3,27,3
N,Norte,2025-03-28,8172.68420833,2025,3,28,4
NE,Nordeste,2025-03-28,14035.14170833,2025,3,28,4
S,Sul,2025-03-28,15987.204625,2025,3,28,4
SE,Sudeste/Centro-Oeste,2025-03-28,49341.0985,2025,3,28,4
N,Norte,2025-03-29,7865.67179167,2025,3,29,5
NE,Nordeste,2025-03-29,13312.7015,2025,3,29,5
S,Sul,2025-03-29,14060.7875,2025,3,29,5
SE,Sudeste/Centro-Oeste,2025-03-29,46301.18475,2025,3,29,5
N,Norte,2025-03-30,7544.95658333,2025,3,30,6
NE,Nordeste,2025-03-30,12508.44725,2025,3,30,6
S,Sul,2025-03-30,12331.193375,2025,3,30,6
SE,Sudeste/Centro-Oeste,2025-03-30,43139.132125,2025,3,30,6
N,Norte,2025-03-31,8061.73475,2025,3,31,0
NE,Nordeste,2025-03-31,14165.12154167,2025,3,31,0
S,Sul,2025-03-31,16012.86908333,2025,3,31,0
SE,Sudeste/Centro-Oeste,2025-03-31,49690.083375,2025,3,31,0
N,Norte,2025-04-01,8118.594875,2025,4,1,1
NE,Nordeste,2025-04-01,14310.61104167,2025,4,1,1
S,Sul,2025-04-01,15630.17933333,2025,4,1,1
SE,Sudeste/Centro-Oeste,2025-04-01,49972.799625,2025,4,1,1
N,Norte,2025-04-02,8079.168875,2025,4,2,2
NE,Nordeste,2025-04-02,14230.03733333,2025,4,2,2
S,Sul,2025-04-02,15896.805625,2025,4,2,2
SE,Sudeste/Centro-Oeste,2025-04-02,50439.638125,2025,4,2,2
N,Norte,2025-04-03,8123.72108333,2025,4,3,3
NE,Nordeste,2025-04-03,14097.476375,2025,4,3,3
S,Sul,2025-04-03,15548.40279167,2025,4,3,3
SE,Sudeste/Centro-Oeste,2025-04-03,51374.09170833,2025,4,3,3
N,Norte,2025-04-04,8185.91220833,2025,4,4,4
NE,Nordeste,2025-04-04,14102.99495833,2025,4,4,4
S,Sul,2025-04-04,14275.12454167,2025,4,4,4
SE,Sudeste/Centro-Oeste,2025-04-04,50225.32808333,2025,4,4,4
N,Norte,2025-04-05,7898.33008333,2025,4,5,5
NE,Nordeste,2025-04-05,13441.59891667,2025,4,5,5
S,Sul,2025-04-05,11644.12433333,2025,4,5,5
SE,Sudeste/Centro-Oeste,2025-04-05,42676.30391667,2025,4,5,5
N,Norte,2025-04-06,7546.6585,2025,4,6,6
NE,Nordeste,2025-04-06,12474.9985,2025,4,6,6
S,Sul,2025-04-06,10381.11608333,2025,4,6,6
SE,Sudeste/Centro-Oeste,2025-04-06,37781.03958333,2025,4,6,6
N,Norte,2025-04-07,8000.27091667,2025,4,7,0
NE,Nordeste,2025-04-07,13773.887125,2025,4,7,0
S,Sul,2025-04-07,13588.84491667,2025,4,7,0
SE,Sudeste/Centro-Oeste,2025-04-07,43655.10104167,2025,4,7,0
N,Norte,2025-04-08,8088.84591667,2025,4,8,1
NE,Nordeste,2025-04-08,14152.44941667,2025,4,8,1
S,Sul,2025-04-08,14332.99166667,2025,4,8,1
SE,Sudeste/Centro-Oeste,2025-04-08,45054.58695833,2025,4,8,1
N,Norte,2025-04-09,8263.37454167,2025,4,9,2
NE,Nordeste,2025-04-09,14377.69633333,2025,4,9,2
S,Sul,2025-04-09,13795.14133333,2025,4,9,2
SE,Sudeste/Centro-Oeste,2025-04-09,46934.49116667,2025,4,9,2
N,Norte,2025-04-10,8483.53945833,2025,4,10,3
NE,Nordeste,2025-04-10,14506.791875,2025,4,10,3
S,Sul,2025-04-10,13847.61716667,2025,4,10,3
SE,Sudeste/Centro-Oeste,2025-04-10,46582.12154167,2025,4,10,3
N,Norte,2025-04-11,8266.719125,2025,4,11,4
NE,Nordeste,2025-04-11,14595.73379167,2025,4,11,4
S,Sul,2025-04-11,13945.33608333,2025,4,11,4
SE,Sudeste/Centro-Oeste,2025-04-11,45012.83620833,2025,4,11,4
N,Norte,2025-04-12,7716.62254167,2025,4,12,5
NE,Nordeste,2025-04-12,13669.11295833,2025,4,12,5
S,Sul,2025-04-12,12570.007625,2025,4,12,5
SE,Sudeste/Centro-Oeste,2025-04-12,42827.06975,2025,4,12,5
N,Norte,2025-04-13,7508.29329167,2025,4,13,6
NE,Nordeste,2025-04-13,12624.30016667,2025,4,13,6
S,Sul,2025-04-13,10834.809875,2025,4,13,6
SE,Sudeste/Centro-Oeste,2025-04-13,40400.13691667,2025,4,13,6
N,Norte,2025-04-14,8190.81708333,2025,4,14,0
NE,Nordeste,2025-04-14,14231.47654167,2025,4,14,0
S,Sul,2025-04-14,12933.51,2025,4,14,0
SE,Sudeste/Centro-Oeste,2025-04-14,46186.83783333,2025,4,14,0
N,Norte,2025-04-15,8280.554375,2025,4,15,1
NE,Nordeste,2025-04-15,14706.04529167,2025,4,15,1
S,Sul,2025-04-15,13646.552125,2025,4,15,1
SE,Sudeste/Centro-Oeste,2025-04-15,46095.1755,2025,4,15,1
N,Norte,2025-04-16,8552.63591667,2025,4,16,2
NE,Nordeste,2025-04-16,14508.55008333,2025,4,16,2
S,Sul,2025-04-16,14099.86129167,2025,4,16,2
SE,Sudeste/Centro-Oeste,2025-04-16,45835.44991667,2025,4,16,2
N,Norte,2025-04-17,8492.03983333,2025,4,17,3
NE,Nordeste,2025-04-17,14263.22925,2025,4,17,3
S,Sul,2025-04-17,14017.40945833,2025,4,17,3
SE,Sudeste/Centro-Oeste,2025-04-17,45272.78845833,2025,4,17,3
N,Norte,2025-04-18,8050.55166667,2025,4,18,4
NE,Nordeste,2025-04-18,12484.59125,2025,4,18,4
S,Sul,2025-04-18,11212.93295833,2025,4,18,4
SE,Sudeste/Centro-Oeste,2025-04-18,40379.49491667,2025,4,18,4
N,Norte,2025-04-19,8163.46,2025,4,19,5
NE,Nordeste,2025-04-19,12964.9825,2025,4,19,5
S,Sul,2025-04-19,11217.775125,2025,4,19,5
SE,Sudeste/Centro-Oeste,2025-04-19,40563.36558333,2025,4,19,5
N,Norte,2025-04-20,7707.621125,2025,4,20,6
NE,Nordeste,2025-04-20,12581.20829167,2025,4,20,6
S,Sul,2025-04-20,9618.25308333,2025,4,20,6
SE,Sudeste/Centro-Oeste,2025-04-20,37423.33633333,2025,4,20,6
N,Norte,2025-04-21,7895.47395833,2025,4,21,0
NE,Nordeste,2025-04-21,13149.31995833,2025,4,21,0
S,Sul,2025-04-21,10956.022,2025,4,21,0
SE,Sudeste/Centro-Oeste,2025-04-21,38755.57283333,2025,4,21,0
N,Norte,2025-04-22,8373.24379167,2025,4,22,1
NE,Nordeste,2025-04-22,14381.40654167,2025,4,22,1
S,Sul,2025-04-22,13403.02325,2025,4,22,1
SE,Sudeste/Centro-Oeste,2025-04-22,42627.27170833,2025,4,22,1
N,Norte,2025-04-23,8332.405875,2025,4,23,2
NE,Nordeste,2025-04-23,14166.49825,2025,4,23,2
S,Sul,2025-04-23,13836.516125,2025,4,23,2
SE,Sudeste/Centro-Oeste,2025-04-23,43615.27054167,2025,4,23,2
N,Norte,2025-04-24,8247.307625,2025,4,24,3
NE,Nordeste,2025-04-24,14042.12508333,2025,4,24,3
S,Sul,2025-04-24,14329.550125,2025,4,24,3
SE,Sudeste/Centro-Oeste,2025-04-24,45304.77795833,2025,4,24,3
N,Norte,2025-04-25,8352.453375,2025,4,25,4
NE,Nordeste,2025-04-25,14041.55354167,2025,4,25,4
S,Sul,2025-04-25,14316.21825,2025,4,25,4
SE,Sudeste/Centro-Oeste,2025-04-25,46316.99791667,2025,4,25,4
N,Norte,2025-04-26,7927.066875,2025,4,26,5
NE,Nordeste,2025-04-26,13461.74704167,2025,4,26,5
S,Sul,2025-04-26,12806.00404167,2025,4,26,5
SE,Sudeste/Centro-Oeste,2025-04-26,42749.83366667,2025,4,26,5
N,Norte,2025-04-27,7189.60504167,2025,4,27,6
NE,Nordeste,2025-04-27,12278.572125,2025,4,27,6
S,Sul,2025-04-27,11365.02658333,2025,4,27,6
SE,Sudeste/Centro-Oeste,2025-04-27,39664.73845833,2025,4,27,6
N,Norte,2025-04-28,8357.90308333,2025,4,28,0
NE,Nordeste,2025-04-28,14221.83016667,2025,4,28,0
S,Sul,2025-04-28,13525.226375,2025,4,28,0
SE,Sudeste/Centro-Oeste,2025-04-28,46112.70725,2025,4,28,0
N,Norte,2025-04-29,8360.390625,2025,4,29,1
NE,Nordeste,2025-04-29,14661.77608333,2025,4,29,1
S,Sul,2025-04-29,13678.56716667,2025,4,29,1
SE,Sudeste/Centro-Oeste,2025-04-29,45316.10308333,2025,4,29,1
N,Norte,2025-04-30,8244.748875,2025,4,30,2
NE,Nordeste,2025-04-30,14374.96283333,2025,4,30,2
S,Sul,2025-04-30,13698.397,2025,4,30,2
SE,Sudeste/Centro-Oeste,2025-04-30,43767.0415,2025,4,30,2
N,Norte,2025-05-01,7832.86420833,2025,5,1,3
NE,Nordeste,2025-05-01,12880.75054167,2025,5,1,3
S,Sul,2025-05-01,11643.9805,2025,5,1,3
SE,Sudeste/Centro-Oeste,2025-05-01,39260.50120833,2025,5,1,3
N,Norte,2025-05-02,8132.9955,2025,5,2,4
NE,Nordeste,2025-05-02,13577.21270833,2025,5,2,4
S,Sul,2025-05-02,12710.80083333,2025,5,2,4
SE,Sudeste/Centro-Oeste,2025-05-02,40965.45766667,2025,5,2,4
N,Norte,2025-05-03,7991.861375,2025,5,3,5
NE,Nordeste,2025-05-03,12918.39420833,2025,5,3,5
S,Sul,2025-05-03,11612.40304167,2025,5,3,5
SE,Sudeste/Centro-Oeste,2025-05-03,38892.90241667,2025,5,3,5
N,Norte,2025-05-04,7830.12679167,2025,5,4,6
NE,Nordeste,2025-05-04,12280.501625,2025,5,4,6
S,Sul,2025-05-04,10431.47191667,2025,5,4,6
SE,Sudeste/Centro-Oeste,2025-05-04,36659.79220833,2025,5,4,6
N,Norte,2025-05-05,8375.60820833,2025,5,5,0
NE,Nordeste,2025-05-05,13839.86858333,2025,5,5,0
S,Sul,2025-05-05,13889.81525,2025,5,5,0
SE,Sudeste/Centro-Oeste,2025-05-05,42296.1825,2025,5,5,0
N,Norte,2025-05-06,8469.785,2025,5,6,1
NE,Nordeste,2025-05-06,14006.74333333,2025,5,6,1
S,Sul,2025-05-06,14559.39670833,2025,5,6,1
SE,Sudeste/Centro-Oeste,2025-05-06,43523.02254167,2025,5,6,1
N,Norte,2025-05-07,8395.21183333,2025,5,7,2
NE,Nordeste,2025-05-07,14026.49854167,2025,5,7,2
S,Sul,2025-05-07,14816.14666667,2025,5,7,2
SE,Sudeste/Centro-Oeste,2025-05-07,44369.300625,2025,5,7,2
N,Norte,2025-05-08,8390.27508333,2025,5,8,3
NE,Nordeste,2025-05-08,14066.06158333,2025,5,8,3
S,Sul,2025-05-08,14898.93466667,2025,5,8,3
SE,Sudeste/Centro-Oeste,2025-05-08,44793.75525,2025,5,8,3
N,Norte,2025-05-09,8410.05225,2025,5,9,4
NE,Nordeste,2025-05-09,14138.12270833,2025,5,9,4
S,Sul,2025-05-09,14850.05145833,2025,5,9,4
SE,Sudeste/Centro-Oeste,2025-05-09,46114.91866667,2025,5,9,4
N,Norte,2025-05-10,8084.70358333,2025,5,10,5
NE,Nordeste,2025-05-10,13305.51266667,2025,5,10,5
S,Sul,2025-05-10,11531.26070833,2025,5,10,5
SE,Sudeste/Centro-Oeste,2025-05-10,43340.58779167,2025,5,10,5
N,Norte,2025-05-11,7673.50870833,2025,5,11,6
NE,Nordeste,2025-05-11,12532.13479167,2025,5,11,6
S,Sul,2025-05-11,9528.94529167,2025,5,11,6
SE,Sudeste/Centro-Oeste,2025-05-11,37634.59075,2025,5,11,6
N,Norte,2025-05-12,8161.650125,2025,5,12,0
NE,Nordeste,2025-05-12,13885.39858333,2025,5,12,0
S,Sul,2025-05-12,12739.33558333,2025,5,12,0
SE,Sudeste/Centro-Oeste,2025-05-12,42095.758375,2025,5,12,0
N,Norte,2025-05-13,8143.47904167,2025,5,13,1
NE,Nordeste,2025-05-13,13872.84045833,2025,5,13,1
S,Sul,2025-05-13,13656.691,2025,5,13,1
SE,Sudeste/Centro-Oeste,2025-05-13,42805.527625,2025,5,13,1
N,Norte,2025-05-14,8098.24933333,2025,5,14,2
NE,Nordeste,2025-05-14,13688.648375,2025,5,14,2
S,Sul,2025-05-14,13781.63266667,2025,5,14,2
SE,Sudeste/Centro-Oeste,2025-05-14,42054.66558333,2025,5,14,2
N,Norte,2025-05-15,7971.60891667,2025,5,15,3
NE,Nordeste,2025-05-15,13567.9955,2025,5,15,3
S,Sul,2025-05-15,13689.69945833,2025,5,15,3
SE,Sudeste/Centro-Oeste,2025-05-15,42459.98904167,2025,5,15,3
N,Norte,2025-05-16,7979.78925,2025,5,16,4
NE,Nordeste,2025-05-16,13413.70208333,2025,5,16,4
S,Sul,2025-05-16,13680.793625,2025,5,16,4
SE,Sudeste/Centro-Oeste,2025-05-16,42921.19383333,2025,5,16,4
N,Norte,2025-05-17,7806.01883333,2025,5,17,5
NE,Nordeste,2025-05-17,12780.9815,2025,5,17,5
S,Sul,2025-05-17,12023.09520833,2025,5,17,5
SE,Sudeste/Centro-Oeste,2025-05-17,40632.53891667,2025,5,17,5
N,Norte,2025-05-18,7478.67991667,2025,5,18,6
NE,Nordeste,2025-05-18,12134.634,2025,5,18,6
S,Sul,2025-05-18,10680.65283333,2025,5,18,6
SE,Sudeste/Centro-Oeste,2025-05-18,37641.51725,2025,5,18,6
N,Norte,2025-05-19,8110.24720833,2025,5,19,0
NE,Nordeste,2025-05-19,13401.20195833,2025,5,19,0
S,Sul,2025-05-19,13764.68220833,2025,5,19,0
SE,Sudeste/Centro-Oeste,2025-05-19,43674.58854167,2025,5,19,0
N,Norte,2025-05-20,8185.36770833,2025,5,20,1
NE,Nordeste,2025-05-20,13525.451,2025,5,20,1
S,Sul,2025-05-20,14320.18325,2025,5,20,1
SE,Sudeste/Centro-Oeste,2025-05-20,44395.49533333,2025,5,20,1
N,Norte,2025-05-21,8213.073875,2025,5,21,2
NE,Nordeste,2025-05-21,13304.17270833,2025,5,21,2
S,Sul,2025-05-21,14140.46629167,2025,5,21,2
SE,Sudeste/Centro-Oeste,2025-05-21,44729.528875,2025,5,21,2
N,Norte,2025-05-22,8310.39829167,2025,5,22,3
NE,Nordeste,2025-05-22,13160.18258333,2025,5,22,3
S,Sul,2025-05-22,13953.08108333,2025,5,22,3
SE,Sudeste/Centro-Oeste,2025-05-22,44692.74208333,2025,5,22,3
N,Norte,2025-05-23,8380.59979167,2025,5,23,4
NE,Nordeste,2025-05-23,13512.81970833,2025,5,23,4
S,Sul,2025-05-23,13431.507,2025,5,23,4
SE,Sudeste/Centro-Oeste,2025-05-23,44286.87695833,2025,5,23,4
N,Norte,2025-05-24,8024.37070833,2025,5,24,5
NE,Nordeste,2025-05-24,13067.80183333,2025,5,24,5
S,Sul,2025-05-24,11786.2165,2025,5,24,5
SE,Sudeste/Centro-Oeste,2025-05-24,40164.14704167,2025,5,24,5
N,Norte,2025-05-25,7793.28754167,2025,5,25,6
NE,Nordeste,2025-05-25,11971.29770833,2025,5,25,6
S,Sul,2025-05-25,10255.46654167,2025,5,25,6
SE,Sudeste/Centro-Oeste,2025-05-25,36510.313,2025,5,25,6
N,Norte,2025-05-26,8428.12183333,2025,5,26,0
NE,Nordeste,2025-05-26,12936.48041667,2025,5,26,0
S,Sul,2025-05-26,13245.38491667,2025,5,26,0
SE,Sudeste/Centro-Oeste,2025-05-26,42070.78854167,2025,5,26,0
N,Norte,2025-05-27,8343.93233333,2025,5,27,1
NE,Nordeste,2025-05-27,13406.05041667,2025,5,27,1
S,Sul,2025-05-27,13852.55241667,2025,5,27,1
SE,Sudeste/Centro-Oeste,2025-05-27,43154.15933333,2025,5,27,1
N,Norte,2025-05-28,8411.25108333,2025,5,28,2
NE,Nordeste,2025-05-28,13555.292125,2025,5,28,2
S,Sul,2025-05-28,13419.74258333,2025,5,28,2
SE,Sudeste/Centro-Oeste,2025-05-28,43255.349375,2025,5,28,2
N,Norte,2025-05-29,8560.16895833,2025,5,29,3
NE,Nordeste,2025-05-29,13586.032625,2025,5,29,3
S,Sul,2025-05-29,13072.04475,2025,5,29,3
SE,Sudeste/Centro-Oeste,2025-05-29,41524.10066667,2025,5,29,3
N,Norte,2025-05-30,8463.75075,2025,5,30,4
NE,Nordeste,2025-05-30,13712.078625,2025,5,30,4
S,Sul,2025-05-30,13117.3105,2025,5,30,4
SE,Sudeste/Centro-Oeste,2025-05-30,41642.29708333,2025,5,30,4
N,Norte,2025-05-31,8130.70729167,2025,5,31,5
NE,Nordeste,2025-05-31,12936.13620833,2025,5,31,5
S,Sul,2025-05-31,11274.46633333,2025,5,31,5
SE,Sudeste/Centro-Oeste,2025-05-31,38984.54979167,2025,5,31,5
N,Norte,2025-06-01,7779.41541667,2025,6,1,6
NE,Nordeste,2025-06-01,11932.67016667,2025,6,1,6
S,Sul,2025-06-01,9908.77166667,2025,6,1,6
SE,Sudeste/Centro-Oeste,2025-06-01,36067.29995833,2025,6,1,6
N,Norte,2025-06-02,8326.88475,2025,6,2,0
NE,Nordeste,2025-06-02,13326.45920833,2025,6,2,0
S,Sul,2025-06-02,13363.230125,2025,6,2,0
SE,Sudeste/Centro-Oeste,2025-06-02,41937.34091667,2025,6,2,0
N,Norte,2025-06-03,8421.61004167,2025,6,3,1
NE,Nordeste,2025-06-03,13527.20220833,2025,6,3,1
S,Sul,2025-06-03,13709.692125,2025,6,3,1
SE,Sudeste/Centro-Oeste,2025-06-03,43692.55658333,2025,6,3,1
N,Norte,2025-06-04,8435.95858333,2025,6,4,2
NE,Nordeste,2025-06-04,13414.849375,2025,6,4,2
S,Sul,2025-06-04,13558.11045833,2025,6,4,2
SE,Sudeste/Centro-Oeste,2025-06-04,44160.42291667,2025,6,4,2
N,Norte,2025-06-05,8435.66641667,2025,6,5,3
NE,Nordeste,2025-06-05,13456.05133333,2025,6,5,3
S,Sul,2025-06-05,13373.74775,2025,6,5,3
SE,Sudeste/Centro-Oeste,2025-06-05,44661.5405,2025,6,5,3
N,Norte,2025-06-06,8451.736875,2025,6,6,4
NE,Nordeste,2025-06-06,13413.49433333,2025,6,6,4
S,Sul,2025-06-06,13130.86995833,2025,6,6,4
SE,Sudeste/Centro-Oeste,2025-06-06,44631.0585,2025,6,6,4
N,Norte,2025-06-07,8138.5205,2025,6,7,5
NE,Nordeste,2025-06-07,12845.90591667,2025,6,7,5
S,Sul,2025-06-07,11562.725375,2025,6,7,5
SE,Sudeste/Centro-Oeste,2025-06-07,41515.36116667,2025,6,7,5
N,Norte,2025-06-08,7696.24966667,2025,6,8,6
NE,Nordeste,2025-06-08,11938.357625,2025,6,8,6
S,Sul,2025-06-08,10164.276125,2025,6,8,6
SE,Sudeste/Centro-Oeste,2025-06-08,38129.9915,2025,6,8,6
N,Norte,2025-06-09,8286.66608333,2025,6,9,0
NE,Nordeste,2025-06-09,13175.673625,2025,6,9,0
S,Sul,2025-06-09,13301.588625,2025,6,9,0
SE,Sudeste/Centro-Oeste,2025-06-09,43324.72208333,2025,6,9,0
N,Norte,2025-06-10,8285.693875,2025,6,10,1
NE,Nordeste,2025-06-10,13539.57233333,2025,6,10,1
S,Sul,2025-06-10,13787.0455,2025,6,10,1
SE,Sudeste/Centro-Oeste,2025-06-10,43290.95075,2025,6,10,1
N,Norte,2025-06-11,8308.03616667,2025,6,11,2
NE,Nordeste,2025-06-11,13681.331375,2025,6,11,2
S,Sul,2025-06-11,13791.57566667,2025,6,11,2
SE,Sudeste/Centro-Oeste,2025-06-11,42202.64304167,2025,6,11,2
N,Norte,2025-06-12,8076.88670833,2025,6,12,3
NE,Nordeste,2025-06-12,13603.320125,2025,6,12,3
S,Sul,2025-06-12,13811.5795,2025,6,12,3
SE,Sudeste/Centro-Oeste,2025-06-12,41212.13825,2025,6,12,3
N,Norte,2025-06-13,7973.8795,2025,6,13,4
NE,Nordeste,2025-06-13,13292.25470833,2025,6,13,4
S,Sul,2025-06-13,13749.15875,2025,6,13,4
SE,Sudeste/Centro-Oeste,2025-06-13,40627.41325,2025,6,13,4
N,Norte,2025-06-14,7757.65579167,2025,6,14,5
NE,Nordeste,2025-06-14,12292.20595833,2025,6,14,5
S,Sul,2025-06-14,12315.25691667,2025,6,14,5
SE,Sudeste/Centro-Oeste,2025-06-14,38458.80554167,2025,6,14,5
N,Norte,2025-06-15,7418.73795833,2025,6,15,6
NE,Nordeste,2025-06-15,11616.95183333,2025,6,15,6
S,Sul,2025-06-15,10273.900625,2025,6,15,6
SE,Sudeste/Centro-Oeste,2025-06-15,35887.06008333,2025,6,15,6
N,Norte,2025-06-16,8058.314,2025,6,16,0
NE,Nordeste,2025-06-16,13060.62645833,2025,6,16,0
S,Sul,2025-06-16,13127.36054167,2025,6,16,0
SE,Sudeste/Centro-Oeste,2025-06-16,41334.69070833,2025,6,16,0
N,Norte,2025-06-17,8286.86045833,2025,6,17,1
NE,Nordeste,2025-06-17,13076.708125,2025,6,17,1
S,Sul,2025-06-17,13690.98208333,2025,6,17,1
SE,Sudeste/Centro-Oeste,2025-06-17,42026.39933333,2025,6,17,1
N,Norte,2025-06-18,8382.31770833,2025,6,18,2
NE,Nordeste,2025-06-18,12920.220625,2025,6,18,2
S,Sul,2025-06-18,13573.1355,2025,6,18,2
SE,Sudeste/Centro-Oeste,2025-06-18,42322.42458333,2025,6,18,2
N,Norte,2025-06-19,8025.08225,2025,6,19,3
NE,Nordeste,2025-06-19,12319.325,2025,6,19,3
S,Sul,2025-06-19,12243.26666667,2025,6,19,3
SE,Sudeste/Centro-Oeste,2025-06-19,40020.98033333,2025,6,19,3
N,Norte,2025-06-20,8226.80408333,2025,6,20,4
NE,Nordeste,2025-06-20,12694.90358333,2025,6,20,4
S,Sul,2025-06-20,12513.63091667,2025,6,20,4
SE,Sudeste/Centro-Oeste,2025-06-20,41220.95691667,2025,6,20,4
N,Norte,2025-06-21,7867.161625,2025,6,21,5
NE,Nordeste,2025-06-21,12186.791625,2025,6,21,5
S,Sul,2025-06-21,10845.4145,2025,6,21,5
SE,Sudeste/Centro-Oeste,2025-06-21,38661.64158333,2025,6,21,5
N,Norte,2025-06-22,7394.48533333,2025,6,22,6
NE,Nordeste,2025-06-22,11332.294375,2025,6,22,6
S,Sul,2025-06-22,10152.83766667,2025,6,22,6
SE,Sudeste/Centro-Oeste,2025-06-22,36264.75254167,2025,6,22,6
N,Norte,2025-06-23,8158.665125,2025,6,23,0
NE,Nordeste,2025-06-23,12246.42854167,2025,6,23,0
S,Sul,2025-06-23,13019.08070833,2025,6,23,0
SE,Sudeste/Centro-Oeste,2025-06-23,42963.69341667,2025,6,23,0
N,Norte,2025-06-24,8369.59104167,2025,6,24,1
NE,Nordeste,2025-06-24,12247.297,2025,6,24,1
S,Sul,2025-06-24,13509.26716667,2025,6,24,1
SE,Sudeste/Centro-Oeste,2025-06-24,43314.25279167,2025,6,24,1
N,Norte,2025-06-25,8301.33891667,2025,6,25,2
NE,Nordeste,2025-06-25,13106.56025,2025,6,25,2
S,Sul,2025-06-25,13538.89066667,2025,6,25,2
SE,Sudeste/Centro-Oeste,2025-06-25,41131.04083333,2025,6,25,2
N,Norte,2025-06-26,8002.220375,2025,6,26,3
NE,Nordeste,2025-06-26,13282.41829167,2025,6,26,3
S,Sul,2025-06-26,14258.60075,2025,6,26,3
SE,Sudeste/Centro-Oeste,2025-06-26,41932.38816667,2025,6,26,3
N,Norte,2025-06-27,8295.82320833,2025,6,27,4
NE,Nordeste,2025-06-27,13047.726125,2025,6,27,4
S,Sul,2025-06-27,13907.72045833,2025,6,27,4
SE,Sudeste/Centro-Oeste,2025-06-27,42865.12104167,2025,6,27,4
N,Norte,2025-06-28,7923.999125,2025,6,28,5
NE,Nordeste,2025-06-28,12468.901,2025,6,28,5
S,Sul,2025-06-28,12203.131875,2025,6,28,5
SE,Sudeste/Centro-Oeste,2025-06-28,39850.40116667,2025,6,28,5
N,Norte,2025-06-29,7618.910125,2025,6,29,6
NE,Nordeste,2025-06-29,11230.67004167,2025,6,29,6
S,Sul,2025-06-29,10657.43375,2025,6,29,6
SE,Sudeste/Centro-Oeste,2025-06-29,36293.480625,2025,6,29,6
N,Norte,2025-06-30,8146.16254167,2025,6,30,0
NE,Nordeste,2025-06-30,12586.809375,2025,6,30,0
S,Sul,2025-06-30,14092.1745,2025,6,30,0
SE,Sudeste/Centro-Oeste,2025-06-30,41754.35858333,2025,6,30,0
N,Norte,2025-07-01,8149.46825,2025,7,1,1
NE,Nordeste,2025-07-01,12628.42695833,2025,7,1,1
S,Sul,2025-07-01,14605.01908333,2025,7,1,1
SE,Sudeste/Centro-Oeste,2025-07-01,41933.48616667,2025,7,1,1
N,Norte,2025-07-02,8140.40083333,2025,7,2,2
NE,Nordeste,2025-07-02,12546.51429167,2025,7,2,2
S,Sul,2025-07-02,14679.02004167,2025,7,2,2
SE,Sudeste/Centro-Oeste,2025-07-02,41330.44429167,2025,7,2,2
N,Norte,2025-07-03,8115.70604167,2025,7,3,3
NE,Nordeste,2025-07-03,12457.45520833,2025,7,3,3
S,Sul,2025-07-03,14528.24858333,2025,7,3,3
SE,Sudeste/Centro-Oeste,2025-07-03,40933.741125,2025,7,3,3
N,Norte,2025-07-04,7864.13070833,2025,7,4,4
NE,Nordeste,2025-07-04,12555.02679167,2025,7,4,4
S,Sul,2025-07-04,14014.047,2025,7,4,4
SE,Sudeste/Centro-Oeste,2025-07-04,40997.52404167,2025,7,4,4
N,Norte,2025-07-05,7571.19116667,2025,7,5,5
NE,Nordeste,2025-07-05,11983.365625,2025,7,5,5
S,Sul,2025-07-05,11736.92429167,2025,7,5,5
SE,Sudeste/Centro-Oeste,2025-07-05,37419.487,2025,7,5,5
N,Norte,2025-07-06,7430.91029167,2025,7,6,6
NE,Nordeste,2025-07-06,11239.86529167,2025,7,6,6
S,Sul,2025-07-06,10307.152875,2025,7,6,6
SE,Sudeste/Centro-Oeste,2025-07-06,34059.09425,2025,7,6,6
N,Norte,2025-07-07,8033.890125,2025,7,7,0
NE,Nordeste,2025-07-07,12580.45104167,2025,7,7,0
S,Sul,2025-07-07,15340.716,2025,7,7,0
SE,Sudeste/Centro-Oeste,2025-07-07,39598.34025,2025,7,7,0
N,Norte,2025-07-08,8189.60554167,2025,7,8,1
NE,Nordeste,2025-07-08,12365.461875,2025,7,8,1
S,Sul,2025-07-08,13592.032875,2025,7,8,1
SE,Sudeste/Centro-Oeste,2025-07-08,40906.20075,2025,7,8,1
N,Norte,2025-07-09,8244.07258333,2025,7,9,2
NE,Nordeste,2025-07-09,12450.82466667,2025,7,9,2
S,Sul,2025-07-09,14087.76866667,2025,7,9,2
SE,Sudeste/Centro-Oeste,2025-07-09,40027.38016667,2025,7,9,2
N,Norte,2025-07-10,8235.40033333,2025,7,10,3
NE,Nordeste,2025-07-10,12419.73291667,2025,7,10,3
S,Sul,2025-07-10,14102.46579167,2025,7,10,3
SE,Sudeste/Centro-Oeste,2025-07-10,41633.60695833,2025,7,10,3
N,Norte,2025-07-11,8293.065875,2025,7,11,4
NE,Nordeste,2025-07-11,12314.47583333,2025,7,11,4
S,Sul,2025-07-11,14100.786875,2025,7,11,4
SE,Sudeste/Centro-Oeste,2025-07-11,41820.30791667,2025,7,11,4
N,Norte,2025-07-12,7970.20045833,2025,7,12,5
NE,Nordeste,2025-07-12,11641.86675,2025,7,12,5
S,Sul,2025-07-12,12243.08841667,2025,7,12,5
SE,Sudeste/Centro-Oeste,2025-07-12,38733.84279167,2025,7,12,5
N,Norte,2025-07-13,7515.45066667,2025,7,13,6
NE,Nordeste,2025-07-13,10761.74916667,2025,7,13,6
S,Sul,2025-07-13,10608.55170833,2025,7,13,6
SE,Sudeste/Centro-Oeste,2025-07-13,35212.56345833,2025,7,13,6
N,Norte,2025-07-14,7992.16229167,2025,7,14,0
NE,Nordeste,2025-07-14,11991.7585,2025,7,14,0
S,Sul,2025-07-14,13529.67458333,2025,7,14,0
SE,Sudeste/Centro-Oeste,2025-07-14,40967.04954167,2025,7,14,0
N,Norte,2025-07-15,8138.02345833,2025,7,15,1
NE,Nordeste,2025-07-15,12259.57991667,2025,7,15,1
S,Sul,2025-07-15,14031.29008333,2025,7,15,1
SE,Sudeste/Centro-Oeste,2025-07-15,42143.51695833,2025,7,15,1
N,Norte,2025-07-16,8132.64825,2025,7,16,2
NE,Nordeste,2025-07-16,12250.83775,2025,7,16,2
S,Sul,2025-07-16,14318.21404167,2025,7,16,2
SE,Sudeste/Centro-Oeste,2025-07-16,41929.491625,2025,7,16,2
N,Norte,2025-07-17,8207.68929167,2025,7,17,3
NE,Nordeste,2025-07-17,12444.419125,2025,7,17,3
S,Sul,2025-07-17,14550.15566667,2025,7,17,3
SE,Sudeste/Centro-Oeste,2025-07-17,42333.345625,2025,7,17,3
N,Norte,2025-07-18,8254.44545833,2025,7,18,4
NE,Nordeste,2025-07-18,12614.49241667,2025,7,18,4
S,Sul,2025-07-18,14248.240125,2025,7,18,4
SE,Sudeste/Centro-Oeste,2025-07-18,42061.91833333,2025,7,18,4
N,Norte,2025-07-19,8004.79425,2025,7,19,5
NE,Nordeste,2025-07-19,12178.93645833,2025,7,19,5
S,Sul,2025-07-19,12173.4525,2025,7,19,5
SE,Sudeste/Centro-Oeste,2025-07-19,38428.12895833,2025,7,19,5
N,Norte,2025-07-20,7692.08045833,2025,7,20,6
NE,Nordeste,2025-07-20,11160.79929167,2025,7,20,6
S,Sul,2025-07-20,10696.37158333,2025,7,20,6
SE,Sudeste/Centro-Oeste,2025-07-20,35112.60745833,2025,7,20,6
N,Norte,2025-07-21,8286.21295833,2025,7,21,0
NE,Nordeste,2025-07-21,12326.604,2025,7,21,0
S,Sul,2025-07-21,13767.662125,2025,7,21,0
SE,Sudeste/Centro-Oeste,2025-07-21,41048.23429167,2025,7,21,0
N,Norte,2025-07-22,8428.86416667,2025,7,22,1
NE,Nordeste,2025-07-22,12451.02675,2025,7,22,1
S,Sul,2025-07-22,14323.92133333,2025,7,22,1
SE,Sudeste/Centro-Oeste,2025-07-22,42606.05183333,2025,7,22,1
N,Norte,2025-07-23,8478.2155,2025,7,23,2
NE,Nordeste,2025-07-23,12704.60670833,2025,7,23,2
S,Sul,2025-07-23,15487.24795833,2025,7,23,2
SE,Sudeste/Centro-Oeste,2025-07-23,42843.44404167,2025,7,23,2
N,Norte,2025-07-24,8554.35258333,2025,7,24,3
NE,Nordeste,2025-07-24,12651.271375,2025,7,24,3
S,Sul,2025-07-24,14963.90266667,2025,7,24,3
SE,Sudeste/Centro-Oeste,2025-07-24,42889.30725,2025,7,24,3
N,Norte,2025-07-25,8636.227625,2025,7,25,4
NE,Nordeste,2025-07-25,12434.23966667,2025,7,25,4
S,Sul,2025-07-25,13598.16925,2025,7,25,4
SE,Sudeste/Centro-Oeste,2025-07-25,42708.71175,2025,7,25,4
N,Norte,2025-07-26,8241.87654167,2025,7,26,5
NE,Nordeste,2025-07-26,11777.58904167,2025,7,26,5
S,Sul,2025-07-26,11914.406125,2025,7,26,5
SE,Sudeste/Centro-Oeste,2025-07-26,39020.400375,2025,7,26,5
N,Norte,2025-07-27,7896.08191667,2025,7,27,6
NE,Nordeste,2025-07-27,11167.92483333,2025,7,27,6
S,Sul,2025-07-27,10932.71125,2025,7,27,6
SE,Sudeste/Centro-Oeste,2025-07-27,36017.95554167,2025,7,27,6
N,Norte,2025-07-28,8526.7855,2025,7,28,0
NE,Nordeste,2025-07-28,12145.567125,2025,7,28,0
S,Sul,2025-07-28,13005.73616667,2025,7,28,0
SE,Sudeste/Centro-Oeste,2025-07-28,42515.09004167,2025,7,28,0
N,Norte,2025-07-29,8697.87008333,2025,7,29,1
NE,Nordeste,2025-07-29,12482.842375,2025,7,29,1
S,Sul,2025-07-29,13309.364625,2025,7,29,1
SE,Sudeste/Centro-Oeste,2025-07-29,41791.86283333,2025,7,29,1
N,Norte,2025-07-30,8771.67933333,2025,7,30,2
NE,Nordeste,2025-07-30,12718.01129167,2025,7,30,2
S,Sul,2025-07-30,13421.19579167,2025,7,30,2
SE,Sudeste/Centro-Oeste,2025-07-30,40661.410375,2025,7,30,2
N,Norte,2025-07-31,8524.22245833,2025,7,31,3
NE,Nordeste,2025-07-31,12796.918875,2025,7,31,3
S,Sul,2025-07-31,13200.95604167,2025,7,31,3
SE,Sudeste/Centro-Oeste,2025-07-31,41372.37025,2025,7,31,3
N,Norte,2025-08-01,8374.40666667,2025,8,1,4
NE,Nordeste,2025-08-01,12684.97945833,2025,8,1,4
S,Sul,2025-08-01,13247.98116667,2025,8,1,4
SE,Sudeste/Centro-Oeste,2025-08-01,41481.145,2025,8,1,4
N,Norte,2025-08-02,8057.03145833,2025,8,2,5
NE,Nordeste,2025-08-02,12116.47775,2025,8,2,5
S,Sul,2025-08-02,11411.26408333,2025,8,2,5
SE,Sudeste/Centro-Oeste,2025-08-02,38572.40591667,2025,8,2,5
N,Norte,2025-08-03,7851.48708333,2025,8,3,6
NE,Nordeste,2025-08-03,11453.76754167,2025,8,3,6
S,Sul,2025-08-03,10461.41295833,2025,8,3,6
SE,Sudeste/Centro-Oeste,2025-08-03,35207.25908333,2025,8,3,6
N,Norte,2025-08-04,8554.59229167,2025,8,4,0
NE,Nordeste,2025-08-04,12580.54554167,2025,8,4,0
S,Sul,2025-08-04,13190.61941667,2025,8,4,0
SE,Sudeste/Centro-Oeste,2025-08-04,41038.911875,2025,8,4,0
N,Norte,2025-08-05,8800.90629167,2025,8,5,1
NE,Nordeste,2025-08-05,12822.288625,2025,8,5,1
S,Sul,2025-08-05,13168.38125,2025,8,5,1
SE,Sudeste/Centro-Oeste,2025-08-05,42677.83504167,2025,8,5,1
N,Norte,2025-08-06,8785.400625,2025,8,6,2
NE,Nordeste,2025-08-06,12932.72079167,2025,8,6,2
S,Sul,2025-08-06,13149.64170833,2025,8,6,2
SE,Sudeste/Centro-Oeste,2025-08-06,41971.73720833,2025,8,6,2
N,Norte,2025-08-07,8713.16079167,2025,8,7,3
NE,Nordeste,2025-08-07,12944.60745833,2025,8,7,3
S,Sul,2025-08-07,13176.38504167,2025,8,7,3
SE,Sudeste/Centro-Oeste,2025-08-07,42454.31370833,2025,8,7,3
N,Norte,2025-08-08,8557.69454167,2025,8,8,4
NE,Nordeste,2025-08-08,12833.80633333,2025,8,8,4
S,Sul,2025-08-08,13618.97608333,2025,8,8,4
SE,Sudeste/Centro-Oeste,2025-08-08,42748.43758333,2025,8,8,4
N,Norte,2025-08-09,8108.47595833,2025,8,9,5
NE,Nordeste,2025-08-09,12333.25591667,2025,8,9,5
S,Sul,2025-08-09,11282.78658333,2025,8,9,5
SE,Sudeste/Centro-Oeste,2025-08-09,38429.36641667,2025,8,9,5
N,Norte,2025-08-10,7790.98204167,2025,8,10,6
NE,Nordeste,2025-08-10,11672.310125,2025,8,10,6
S,Sul,2025-08-10,9481.53041667,2025,8,10,6
SE,Sudeste/Centro-Oeste,2025-08-10,33992.91741667,2025,8,10,6
N,Norte,2025-08-11,8551.41270833,2025,8,11,0
NE,Nordeste,2025-08-11,12961.0825,2025,8,11,0
S,Sul,2025-08-11,12809.23970833,2025,8,11,0
SE,Sudeste/Centro-Oeste,2025-08-11,39449.778625,2025,8,11,0
N,Norte,2025-08-12,8610.24258333,2025,8,12,1
NE,Nordeste,2025-08-12,12951.576625,2025,8,12,1
S,Sul,2025-08-12,13292.71808333,2025,8,12,1
SE,Sudeste/Centro-Oeste,2025-08-12,40629.72383333,2025,8,12,1
N,Norte,2025-08-13,8652.53425,2025,8,13,2
NE,Nordeste,2025-08-13,12915.90441667,2025,8,13,2
S,Sul,2025-08-13,13282.91158333,2025,8,13,2
SE,Sudeste/Centro-Oeste,2025-08-13,41211.44675,2025,8,13,2
N,Norte,2025-08-14,8667.222875,2025,8,14,3
NE,Nordeste,2025-08-14,12764.67154167,2025,8,14,3
S,Sul,2025-08-14,13631.05179167,2025,8,14,3
SE,Sudeste/Centro-Oeste,2025-08-14,41969.38866667,2025,8,14,3
N,Norte,2025-08-15,8528.9035,2025,8,15,4
NE,Nordeste,2025-08-15,12806.08316667,2025,8,15,4
S,Sul,2025-08-15,13571.784875,2025,8,15,4
SE,Sudeste/Centro-Oeste,2025-08-15,41840.33954167,2025,8,15,4
N,Norte,2025-08-16,8405.152875,2025,8,16,5
NE,Nordeste,2025-08-16,11971.59516667,2025,8,16,5
S,Sul,2025-08-16,11630.93825,2025,8,16,5
SE,Sudeste/Centro-Oeste,2025-08-16,39147.65141667,2025,8,16,5
N,Norte,2025-08-17,8170.58575,2025,8,17,6
NE,Nordeste,2025-08-17,11051.2635,2025,8,17,6
S,Sul,2025-08-17,10248.027875,2025,8,17,6
SE,Sudeste/Centro-Oeste,2025-08-17,35971.15758333,2025,8,17,6
N,Norte,2025-08-18,8791.953875,2025,8,18,0
NE,Nordeste,2025-08-18,11919.1555,2025,8,18,0
S,Sul,2025-08-18,13675.00358333,2025,8,18,0
SE,Sudeste/Centro-Oeste,2025-08-18,42239.471125,2025,8,18,0
N,Norte,2025-08-19,8994.774375,2025,8,19,1
NE,Nordeste,2025-08-19,12428.65770833,2025,8,19,1
S,Sul,2025-08-19,13995.6225,2025,8,19,1
SE,Sudeste/Centro-Oeste,2025-08-19,43374.494,2025,8,19,1
N,Norte,2025-08-20,9064.63458333,2025,8,20,2
NE,Nordeste,2025-08-20,12315.32966667,2025,8,20,2
S,Sul,2025-08-20,13720.606625,2025,8,20,2
SE,Sudeste/Centro-Oeste,2025-08-20,44074.51679167,2025,8,20,2
N,Norte,2025-08-21,9042.4215,2025,8,21,3
NE,Nordeste,2025-08-21,12591.94179167,2025,8,21,3
S,Sul,2025-08-21,13572.00325,2025,8,21,3
SE,Sudeste/Centro-Oeste,2025-08-21,45226.72354167,2025,8,21,3
N,Norte,2025-08-22,9083.67183333,2025,8,22,4
NE,Nordeste,2025-08-22,12288.56354167,2025,8,22,4
S,Sul,2025-08-22,13835.93554167,2025,8,22,4
SE,Sudeste/Centro-Oeste,2025-08-22,45345.91029167,2025,8,22,4
N,Norte,2025-08-23,8720.38795833,2025,8,23,5
NE,Nordeste,2025-08-23,12202.49325,2025,8,23,5
S,Sul,2025-08-23,12249.09704167,2025,8,23,5
SE,Sudeste/Centro-Oeste,2025-08-23,42218.78579167,2025,8,23,5
N,Norte,2025-08-24,8342.44133333,2025,8,24,6
NE,Nordeste,2025-08-24,11622.84466667,2025,8,24,6
S,Sul,2025-08-24,10481.766875,2025,8,24,6
SE,Sudeste/Centro-Oeste,2025-08-24,38034.43966667,2025,8,24,6
N,Norte,2025-08-25,9039.97254167,2025,8,25,0
NE,Nordeste,2025-08-25,12724.70641667,2025,8,25,0
S,Sul,2025-08-25,13078.13583333,2025,8,25,0
SE,Sudeste/Centro-Oeste,2025-08-25,43194.15575,2025,8,25,0
N,Norte,2025-08-26,9035.87825,2025,8,26,1
NE,Nordeste,2025-08-26,13030.56433333,2025,8,26,1
S,Sul,2025-08-26,13635.62258333,2025,8,26,1
SE,Sudeste/Centro-Oeste,2025-08-26,43949.52491667,2025,8,26,1
N,Norte,2025-08-27,9017.92258333,2025,8,27,2
NE,Nordeste,2025-08-27,12850.16495833,2025,8,27,2
S,Sul,2025-08-27,12966.15041667,2025,8,27,2
SE,Sudeste/Centro-Oeste,2025-08-27,44152.6905,2025,8,27,2
N,Norte,2025-08-28,9070.25633333,2025,8,28,3
NE,Nordeste,2025-08-28,13149.25004167,2025,8,28,3
S,Sul,2025-08-28,12577.74379167,2025,8,28,3
SE,Sudeste/Centro-Oeste,2025-08-28,44449.00533333,2025,8,28,3
N,Norte,2025-08-29,9058.53583333,2025,8,29,4
NE,Nordeste,2025-08-29,13036.267875,2025,8,29,4
S,Sul,2025-08-29,12634.26295833,2025,8,29,4
SE,Sudeste/Centro-Oeste,2025-08-29,44479.585375,2025,8,29,4
N,Norte,2025-08-30,8530.05758333,2025,8,30,5
NE,Nordeste,2025-08-30,12243.67904167,2025,8,30,5
S,Sul,2025-08-30,10763.14116667,2025,8,30,5
SE,Sudeste/Centro-Oeste,2025-08-30,40381.09579167,2025,8,30,5
N,Norte,2025-08-31,8128.45858333,2025,8,31,6
NE,Nordeste,2025-08-31,11737.51595833,2025,8,31,6
S,Sul,2025-08-31,9641.72458333,2025,8,31,6
SE,Sudeste/Centro-Oeste,2025-08-31,36582.993875,2025,8,31,6
N,Norte,2025-09-01,8788.29866667,2025,9,1,0
NE,Nordeste,2025-09-01,12751.68029167,2025,9,1,0
S,Sul,2025-09-01,12984.6455,2025,9,1,0
SE,Sudeste/Centro-Oeste,2025-09-01,42785.94545833,2025,9,1,0
N,Norte,2025-09-02,8919.50245833,2025,9,2,1
NE,Nordeste,2025-09-02,12904.43075,2025,9,2,1
S,Sul,2025-09-02,13604.20516667,2025,9,2,1
SE,Sudeste/Centro-Oeste,2025-09-02,44240.86716667,2025,9,2,1
N,Norte,2025-09-03,8954.603,2025,9,3,2
NE,Nordeste,2025-09-03,12851.36775,2025,9,3,2
S,Sul,2025-09-03,13775.76766667,2025,9,3,2
SE,Sudeste/Centro-Oeste,2025-09-03,44198.15020833,2025,9,3,2
N,Norte,2025-09-04,8843.658125,2025,9,4,3
NE,Nordeste,2025-09-04,12833.21245833,2025,9,4,3
S,Sul,2025-09-04,14046.97654167,2025,9,4,3
SE,Sudeste/Centro-Oeste,2025-09-04,44525.46195833,2025,9,4,3
N,Norte,2025-09-05,8792.32808333,2025,9,5,4
NE,Nordeste,2025-09-05,12930.93475,2025,9,5,4
S,Sul,2025-09-05,13660.46570833,2025,9,5,4
SE,Sudeste/Centro-Oeste,2025-09-05,44628.45175,2025,9,5,4
N,Norte,2025-09-06,8507.05395833,2025,9,6,5
NE,Nordeste,2025-09-06,12278.92833333,2025,9,6,5
S,Sul,2025-09-06,11318.066125,2025,9,6,5
SE,Sudeste/Centro-Oeste,2025-09-06,39931.05479167,2025,9,6,5
N,Norte,2025-09-07,8109.647625,2025,9,7,6
NE,Nordeste,2025-09-07,11524.96858333,2025,9,7,6
S,Sul,2025-09-07,9795.69733333,2025,9,7,6
SE,Sudeste/Centro-Oeste,2025-09-07,36617.81845833,2025,9,7,6
N,Norte,2025-09-08,8725.80245833,2025,9,8,0
NE,Nordeste,2025-09-08,12816.41833333,2025,9,8,0
S,Sul,2025-09-08,13134.0205,2025,9,8,0
SE,Sudeste/Centro-Oeste,2025-09-08,43537.65979167,2025,9,8,0
N,Norte,2025-09-09,9061.45383333,2025,9,9,1
NE,Nordeste,2025-09-09,13249.460375,2025,9,9,1
S,Sul,2025-09-09,13025.482125,2025,9,9,1
SE,Sudeste/Centro-Oeste,2025-09-09,46062.31379167,2025,9,9,1
N,Norte,2025-09-10,8857.8235,2025,9,10,2
NE,Nordeste,2025-09-10,13419.612,2025,9,10,2
S,Sul,2025-09-10,12691.716625,2025,9,10,2
SE,Sudeste/Centro-Oeste,2025-09-10,45271.73958333,2025,9,10,2
N,Norte,2025-09-11,9222.86425,2025,9,11,3
NE,Nordeste,2025-09-11,13476.91841667,2025,9,11,3
S,Sul,2025-09-11,12962.540375,2025,9,11,3
SE,Sudeste/Centro-Oeste,2025-09-11,45526.21270833,2025,9,11,3
N,Norte,2025-09-12,9210.306875,2025,9,12,4
NE,Nordeste,2025-09-12,13235.15995833,2025,9,12,4
S,Sul,2025-09-12,12866.36504167,2025,9,12,4
SE,Sudeste/Centro-Oeste,2025-09-12,45366.083625,2025,9,12,4
N,Norte,2025-09-13,8609.07225,2025,9,13,5
NE,Nordeste,2025-09-13,13185.94933333,2025,9,13,5
S,Sul,2025-09-13,11225.383375,2025,9,13,5
SE,Sudeste/Centro-Oeste,2025-09-13,41379.738875,2025,9,13,5
N,Norte,2025-09-14,8353.007,2025,9,14,6
NE,Nordeste,2025-09-14,12236.36604167,2025,9,14,6
S,Sul,2025-09-14,10014.450125,2025,9,14,6
SE,Sudeste/Centro-Oeste,2025-09-14,37917.15479167,2025,9,14,6
N,Norte,2025-09-15,9138.41875,2025,9,15,0
NE,Nordeste,2025-09-15,13314.21766667,2025,9,15,0
S,Sul,2025-09-15,13377.86945833,2025,9,15,0
SE,Sudeste/Centro-Oeste,2025-09-15,44244.88483333,2025,9,15,0
N,Norte,2025-09-16,9349.47258333,2025,9,16,1
NE,Nordeste,2025-09-16,13050.89145833,2025,9,16,1
S,Sul,2025-09-16,13662.37233333,2025,9,16,1
SE,Sudeste/Centro-Oeste,2025-09-16,44791.37241667,2025,9,16,1
N,Norte,2025-09-17,9229.54958333,2025,9,17,2
NE,Nordeste,2025-09-17,13341.09910417,2025,9,17,2
S,Sul,2025-09-17,13769.702125,2025,9,17,2
SE,Sudeste/Centro-Oeste,2025-09-17,44145.92479167,2025,9,17,2
N,Norte,2025-09-18,9156.78533333,2025,9,18,3
NE,Nordeste,2025-09-18,13484.99004167,2025,9,18,3
S,Sul,2025-09-18,13824.59866667,2025,9,18,3
SE,Sudeste/Centro-Oeste,2025-09-18,44093.93879167,2025,9,18,3
N,Norte,2025-09-19,9258.12066667,2025,9,19,4
NE,Nordeste,2025-09-19,13653.148125,2025,9,19,4
S,Sul,2025-09-19,14018.983,2025,9,19,4
SE,Sudeste/Centro-Oeste,2025-09-19,45170.88108333,2025,9,19,4
N,Norte,2025-09-20,8953.70529167,2025,9,20,5
NE,Nordeste,2025-09-20,13074.05791667,2025,9,20,5
S,Sul,2025-09-20,12358.82075,2025,9,20,5
SE,Sudeste/Centro-Oeste,2025-09-20,42290.73579167,2025,9,20,5
N,Norte,2025-09-21,8615.24333333,2025,9,21,6
NE,Nordeste,2025-09-21,12269.94666667,2025,9,21,6
S,Sul,2025-09-21,10966.63041667,2025,9,21,6
SE,Sudeste/Centro-Oeste,2025-09-21,40399.05075,2025,9,21,6
N,Norte,2025-09-22,9272.68116667,2025,9,22,0
NE,Nordeste,2025-09-22,13642.89970833,2025,9,22,0
S,Sul,2025-09-22,12680.71591667,2025,9,22,0
SE,Sudeste/Centro-Oeste,2025-09-22,46284.62229167,2025,9,22,0
N,Norte,2025-09-23,9309.44470833,2025,9,23,1
NE,Nordeste,2025-09-23,13900.21133333,2025,9,23,1
S,Sul,2025-09-23,12367.77020833,2025,9,23,1
SE,Sudeste/Centro-Oeste,2025-09-23,44285.757375,2025,9,23,1
N,Norte,2025-09-24,9248.548625,2025,9,24,2
NE,Nordeste,2025-09-24,14095.39979167,2025,9,24,2
S,Sul,2025-09-24,12472.79958333,2025,9,24,2
SE,Sudeste/Centro-Oeste,2025-09-24,43634.139125,2025,9,24,2
N,Norte,2025-09-25,9262.42995833,2025,9,25,3
NE,Nordeste,2025-09-25,13804.42766667,2025,9,25,3
S,Sul,2025-09-25,12705.031125,2025,9,25,3
SE,Sudeste/Centro-Oeste,2025-09-25,41689.40425,2025,9,25,3
N,Norte,2025-09-26,9190.590875,2025,9,26,4
NE,Nordeste,2025-09-26,13593.56433333,2025,9,26,4
S,Sul,2025-09-26,12565.57483333,2025,9,26,4
SE,Sudeste/Centro-Oeste,2025-09-26,40746.89858333,2025,9,26,4
N,Norte,2025-09-27,8684.69433333,2025,9,27,5
NE,Nordeste,2025-09-27,12391.929875,2025,9,27,5
S,Sul,2025-09-27,11043.201625,2025,9,27,5
SE,Sudeste/Centro-Oeste,2025-09-27,37785.30783333,2025,9,27,5
N,Norte,2025-09-28,8257.54879167,2025,9,28,6
NE,Nordeste,2025-09-28,11747.23383333,2025,9,28,6
S,Sul,2025-09-28,9994.65708333,2025,9,28,6
SE,Sudeste/Centro-Oeste,2025-09-28,35828.939125,2025,9,28,6
N,Norte,2025-09-29,8951.75754167,2025,9,29,0
NE,Nordeste,2025-09-29,12857.01129167,2025,9,29,0
S,Sul,2025-09-29,12968.09929167,2025,9,29,0
SE,Sudeste/Centro-Oeste,2025-09-29,42772.096625,2025,9,29,0
N,Norte,2025-09-30,9108.31683333,2025,9,30,1
NE,Nordeste,2025-09-30,13180.60991667,2025,9,30,1
S,Sul,2025-09-30,14003.75804167,2025,9,30,1
SE,Sudeste/Centro-Oeste,2025-09-30,45474.021,2025,9,30,1
N,Norte,2025-10-01,9145.47375,2025,10,1,2
NE,Nordeste,2025-10-01,13073.18658333,2025,10,1,2
S,Sul,2025-10-01,13379.38545833,2025,10,1,2
SE,Sudeste/Centro-Oeste,2025-10-01,45323.191,2025,10,1,2
N,Norte,2025-10-02,9036.18875,2025,10,2,3
NE,Nordeste,2025-10-02,13105.20908333,2025,10,2,3
S,Sul,2025-10-02,13374.573875,2025,10,2,3
SE,Sudeste/Centro-Oeste,2025-10-02,45240.78283333,2025,10,2,3
N,Norte,2025-10-03,9283.7635,2025,10,3,4
NE,Nordeste,2025-10-03,12950.16266667,2025,10,3,4
S,Sul,2025-10-03,13578.35004167,2025,10,3,4
SE,Sudeste/Centro-Oeste,2025-10-03,45351.48733333,2025,10,3,4
N,Norte,2025-10-04,8842.224,2025,10,4,5
NE,Nordeste,2025-10-04,12570.332,2025,10,4,5
S,Sul,2025-10-04,11393.32904167,2025,10,4,5
SE,Sudeste/Centro-Oeste,2025-10-04,41813.20220833,2025,10,4,5
N,Norte,2025-10-05,8336.14933333,2025,10,5,6
NE,Nordeste,2025-10-05,11879.96183333,2025,10,5,6
S,Sul,2025-10-05,10723.76733333,2025,10,5,6
SE,Sudeste/Centro-Oeste,2025-10-05,39207.29358333,2025,10,5,6
N,Norte,2025-10-06,8910.532875,2025,10,6,0
NE,Nordeste,2025-10-06,13305.09054167,2025,10,6,0
S,Sul,2025-10-06,14159.10770833,2025,10,6,0
SE,Sudeste/Centro-Oeste,2025-10-06,47368.10983333,2025,10,6,0
N,Norte,2025-10-07,9162.8125,2025,10,7,1
NE,Nordeste,2025-10-07,13551.67075,2025,10,7,1
S,Sul,2025-10-07,13188.50491667,2025,10,7,1
SE,Sudeste/Centro-Oeste,2025-10-07,47525.93920833,2025,10,7,1
N,Norte,2025-10-08,8970.45966667,2025,10,8,2
NE,Nordeste,2025-10-08,13804.956875,2025,10,8,2
S,Sul,2025-10-08,13080.48304167,2025,10,8,2
SE,Sudeste/Centro-Oeste,2025-10-08,45220.648,2025,10,8,2
N,Norte,2025-10-09,9208.73854167,2025,10,9,3
NE,Nordeste,2025-10-09,14105.174375,2025,10,9,3
S,Sul,2025-10-09,12487.34204167,2025,10,9,3
SE,Sudeste/Centro-Oeste,2025-10-09,44971.14341667,2025,10,9,3
N,Norte,2025-10-10,9061.90275,2025,10,10,4
NE,Nordeste,2025-10-10,13519.57833333,2025,10,10,4
S,Sul,2025-10-10,13202.47341667,2025,10,10,4
SE,Sudeste/Centro-Oeste,2025-10-10,44658.59633333,2025,10,10,4
N,Norte,2025-10-11,8628.93079167,2025,10,11,5
NE,Nordeste,2025-10-11,13040.015125,2025,10,11,5
S,Sul,2025-10-11,11486.18841667,2025,10,11,5
SE,Sudeste/Centro-Oeste,2025-10-11,41011.98191667,2025,10,11,5
N,Norte,2025-10-12,8212.74608333,2025,10,12,6
NE,Nordeste,2025-10-12,12270.2665,2025,10,12,6
S,Sul,2025-10-12,10435.91479167,2025,10,12,6
SE,Sudeste/Centro-Oeste,2025-10-12,38661.73279167,2025,10,12,6
N,Norte,2025-10-13,8950.43258333,2025,10,13,0
NE,Nordeste,2025-10-13,13869.76866667,2025,10,13,0
S,Sul,2025-10-13,12995.99775,2025,10,13,0
SE,Sudeste/Centro-Oeste,2025-10-13,45987.354,2025,10,13,0
N,Norte,2025-10-14,8910.073,2025,10,14,1
NE,Nordeste,2025-10-14,13734.19316667,2025,10,14,1
S,Sul,2025-10-14,13098.061125,2025,10,14,1
SE,Sudeste/Centro-Oeste,2025-10-14,46158.71841667,2025,10,14,1
N,Norte,2025-10-15,8809.637875,2025,10,15,2
NE,Nordeste,2025-10-15,13538.4895,2025,10,15,2
S,Sul,2025-10-15,13551.36566667,2025,10,15,2
SE,Sudeste/Centro-Oeste,2025-10-15,45272.67695833,2025,10,15,2
N,Norte,2025-10-16,9127.812375,2025,10,16,3
NE,Nordeste,2025-10-16,13574.86295833,2025,10,16,3
S,Sul,2025-10-16,14202.46454167,2025,10,16,3
SE,Sudeste/Centro-Oeste,2025-10-16,46159.69575,2025,10,16,3
N,Norte,2025-10-17,9341.99491667,2025,10,17,4
NE,Nordeste,2025-10-17,13710.96241667,2025,10,17,4
S,Sul,2025-10-17,13904.94304167,2025,10,17,4
SE,Sudeste/Centro-Oeste,2025-10-17,47812.44925,2025,10,17,4
N,Norte,2025-10-18,9085.05508333,2025,10,18,5
NE,Nordeste,2025-10-18,13789.90133333,2025,10,18,5
S,Sul,2025-10-18,11588.692,2025,10,18,5
SE,Sudeste/Centro-Oeste,2025-10-18,44310.048875,2025,10,18,5
N,Norte,2025-10-19,8510.74466667,2025,10,19,6
NE,Nordeste,2025-10-19,12617.094875,2025,10,19,6
S,Sul,2025-10-19,9685.35566667,2025,10,19,6
SE,Sudeste/Centro-Oeste,2025-10-19,37169.76925,2025,10,19,6
N,Norte,2025-10-20,8951.16808333,2025,10,20,0
NE,Nordeste,2025-10-20,13911.95041667,2025,10,20,0
S,Sul,2025-10-20,12525.27358333,2025,10,20,0
SE,Sudeste/Centro-Oeste,2025-10-20,40340.77841667,2025,10,20,0
N,Norte,2025-10-21,8862.43345833,2025,10,21,1
NE,Nordeste,2025-10-21,13812.095375,2025,10,21,1
S,Sul,2025-10-21,12902.10829167,2025,10,21,1
SE,Sudeste/Centro-Oeste,2025-10-21,40420.62275,2025,10,21,1
N,Norte,2025-10-22,8795.56391667,2025,10,22,2
NE,Nordeste,2025-10-22,13183.36029167,2025,10,22,2
S,Sul,2025-10-22,13254.43720833,2025,10,22,2
SE,Sudeste/Centro-Oeste,2025-10-22,40662.95429167,2025,10,22,2
N,Norte,2025-10-23,8816.38483333,2025,10,23,3
NE,Nordeste,2025-10-23,13147.58583333,2025,10,23,3
S,Sul,2025-10-23,13606.124875,2025,10,23,3
SE,Sudeste/Centro-Oeste,2025-10-23,41267.891375,2025,10,23,3
N,Norte,2025-10-24,8879.133625,2025,10,24,4
NE,Nordeste,2025-10-24,13310.69566667,2025,10,24,4
S,Sul,2025-10-24,13835.729125,2025,10,24,4
SE,Sudeste/Centro-Oeste,2025-10-24,42372.49933333,2025,10,24,4
N,Norte,2025-10-25,8697.90108333,2025,10,25,5
NE,Nordeste,2025-10-25,12701.014625,2025,10,25,5
S,Sul,2025-10-25,12370.56904167,2025,10,25,5
SE,Sudeste/Centro-Oeste,2025-10-25,41042.48008333,2025,10,25,5
N,Norte,2025-10-26,8405.31933333,2025,10,26,6
NE,Nordeste,2025-10-26,11885.78525,2025,10,26,6
S,Sul,2025-10-26,10905.85279167,2025,10,26,6
SE,Sudeste/Centro-Oeste,2025-10-26,39394.11754167,2025,10,26,6
N,Norte,2025-10-27,9113.113625,2025,10,27,0
NE,Nordeste,2025-10-27,13068.209375,2025,10,27,0
S,Sul,2025-10-27,13686.86791667,2025,10,27,0
SE,Sudeste/Centro-Oeste,2025-10-27,45149.77225,2025,10,27,0
N,Norte,2025-10-28,9500.11075,2025,10,28,1
NE,Nordeste,2025-10-28,13493.45483333,2025,10,28,1
S,Sul,2025-10-28,14461.09308333,2025,10,28,1
SE,Sudeste/Centro-Oeste,2025-10-28,45894.49558333,2025,10,28,1
N,Norte,2025-10-29,9363.29170833,2025,10,29,2
NE,Nordeste,2025-10-29,13867.508375,2025,10,29,2
S,Sul,2025-10-29,13414.57125,2025,10,29,2
SE,Sudeste/Centro-Oeste,2025-10-29,46803.11366667,2025,10,29,2
N,Norte,2025-10-30,9402.66316667,2025,10,30,3
NE,Nordeste,2025-10-30,14247.746875,2025,10,30,3
S,Sul,2025-10-30,13399.05879167,2025,10,30,3
SE,Sudeste/Centro-Oeste,2025-10-30,45600.37983333,2025,10,30,3
N,Norte,2025-10-31,9210.80045833,2025,10,31,4
NE,Nordeste,2025-10-31,14238.11145833,2025,10,31,4
S,Sul,2025-10-31,13088.98583333,2025,10,31,4
SE,Sudeste/Centro-Oeste,2025-10-31,43929.88004167,2025,10,31,4
N,Norte,2025-11-01,8905.80445833,2025,11,1,5
NE,Nordeste,2025-11-01,13273.95325,2025,11,1,5
S,Sul,2025-11-01,11609.22479167,2025,11,1,5
SE,Sudeste/Centro-Oeste,2025-11-01,40827.64545833,2025,11,1,5
N,Norte,2025-11-02,8499.41966667,2025,11,2,6
NE,Nordeste,2025-11-02,12330.19525,2025,11,2,6
S,Sul,2025-11-02,10375.7605,2025,11,2,6
SE,Sudeste/Centro-Oeste,2025-11-02,38919.66691667,2025,11,2,6
N,Norte,2025-11-03,9042.48254167,2025,11,3,0
NE,Nordeste,2025-11-03,13827.46208333,2025,11,3,0
S,Sul,2025-11-03,13763.00070833,2025,11,3,0
SE,Sudeste/Centro-Oeste,2025-11-03,44463.189875,2025,11,3,0
N,Norte,2025-11-04,9111.93975,2025,11,4,1
NE,Nordeste,2025-11-04,13938.27745833,2025,11,4,1
S,Sul,2025-11-04,14547.559625,2025,11,4,1
SE,Sudeste/Centro-Oeste,2025-11-04,45497.67016667,2025,11,4,1
N,Norte,2025-11-05,9353.13591667,2025,11,5,2
NE,Nordeste,2025-11-05,14840.66404167,2025,11,5,2
S,Sul,2025-11-05,14964.99033333,2025,11,5,2
SE,Sudeste/Centro-Oeste,2025-11-05,46878.37379167,2025,11,5,2
N,Norte,2025-11-06,9073.24483333,2025,11,6,3
NE,Nordeste,2025-11-06,14801.76266667,2025,11,6,3
S,Sul,2025-11-06,14044.43529167,2025,11,6,3
SE,Sudeste/Centro-Oeste,2025-11-06,45241.21908333,2025,11,6,3
N,Norte,2025-11-07,8890.398875,2025,11,7,4
NE,Nordeste,2025-11-07,14580.57879167,2025,11,7,4
S,Sul,2025-11-07,14261.977125,2025,11,7,4
SE,Sudeste/Centro-Oeste,2025-11-07,45166.28045833,2025,11,7,4
N,Norte,2025-11-08,8938.318625,2025,11,8,5
NE,Nordeste,2025-11-08,13539.57675,2025,11,8,5
S,Sul,2025-11-08,11396.75370833,2025,11,8,5
SE,Sudeste/Centro-Oeste,2025-11-08,42119.55708333,2025,11,8,5
N,Norte,2025-11-09,8794.16841667,2025,11,9,6
NE,Nordeste,2025-11-09,12948.62225,2025,11,9,6
S,Sul,2025-11-09,9812.64875,2025,11,9,6
SE,Sudeste/Centro-Oeste,2025-11-09,36797.44070833,2025,11,9,6
N,Norte,2025-11-10,9214.02066667,2025,11,10,0
NE,Nordeste,2025-11-10,14293.939,2025,11,10,0
S,Sul,2025-11-10,12732.72595833,2025,11,10,0
SE,Sudeste/Centro-Oeste,2025-11-10,41871.22454167,2025,11,10,0
N,Norte,2025-11-11,8838.3715,2025,11,11,1
NE,Nordeste,2025-11-11,13974.30091667,2025,11,11,1
S,Sul,2025-11-11,13422.90991667,2025,11,11,1
SE,Sudeste/Centro-Oeste,2025-11-11,43876.70904167,2025,11,11,1
N,Norte,2025-11-12,8911.98745833,2025,11,12,2
NE,Nordeste,2025-11-12,13900.02241667,2025,11,12,2
S,Sul,2025-11-12,14701.248,2025,11,12,2
SE,Sudeste/Centro-Oeste,2025-11-12,45393.72658333,2025,11,12,2
N,Norte,2025-11-13,8969.44054167,2025,11,13,3
NE,Nordeste,2025-11-13,13900.91470833,2025,11,13,3
S,Sul,2025-11-13,14444.39325,2025,11,13,3
SE,Sudeste/Centro-Oeste,2025-11-13,46662.62329167,2025,11,13,3
N,Norte,2025-11-14,9170.71270833,2025,11,14,4
NE,Nordeste,2025-11-14,13779.11483333,2025,11,14,4
S,Sul,2025-11-14,14388.01270833,2025,11,14,4
SE,Sudeste/Centro-Oeste,2025-11-14,46683.30345833,2025,11,14,4
N,Norte,2025-11-15,8812.4235,2025,11,15,5
NE,Nordeste,2025-11-15,13001.80729167,2025,11,15,5
S,Sul,2025-11-15,12497.602625,2025,11,15,5
SE,Sudeste/Centro-Oeste,2025-11-15,41608.78220833,2025,11,15,5
N,Norte,2025-11-16,8792.49145833,2025,11,16,6
NE,Nordeste,2025-11-16,12625.61825,2025,11,16,6
S,Sul,2025-11-16,11853.294375,2025,11,16,6
SE,Sudeste/Centro-Oeste,2025-11-16,40388.653,2025,11,16,6
N,Norte,2025-11-17,9453.44029167,2025,11,17,0
NE,Nordeste,2025-11-17,14162.67145833,2025,11,17,0
S,Sul,2025-11-17,13849.52808333,2025,11,17,0
SE,Sudeste/Centro-Oeste,2025-11-17,47603.75304167,2025,11,17,0
N,Norte,2025-11-18,9449.90383333,2025,11,18,1
NE,Nordeste,2025-11-18,14948.72058333,2025,11,18,1
S,Sul,2025-11-18,13889.25075,2025,11,18,1
SE,Sudeste/Centro-Oeste,2025-11-18,47148.26775,2025,11,18,1
N,Norte,2025-11-19,9134.47416667,2025,11,19,2
NE,Nordeste,2025-11-19,15293.640375,2025,11,19,2
S,Sul,2025-11-19,13785.099125,2025,11,19,2
SE,Sudeste/Centro-Oeste,2025-11-19,45158.834125,2025,11,19,2
N,Norte,2025-11-20,8591.29745833,2025,11,20,3
NE,Nordeste,2025-11-20,14039.04179167,2025,11,20,3
S,Sul,2025-11-20,13120.95875,2025,11,20,3
SE,Sudeste/Centro-Oeste,2025-11-20,41903.27658333,2025,11,20,3
N,Norte,2025-11-21,8803.20216667,2025,11,21,4
NE,Nordeste,2025-11-21,13787.47295833,2025,11,21,4
S,Sul,2025-11-21,14092.56445833,2025,11,21,4
SE,Sudeste/Centro-Oeste,2025-11-21,44822.17170833,2025,11,21,4
N,Norte,2025-11-22,8751.88933333,2025,11,22,5
NE,Nordeste,2025-11-22,13037.88925,2025,11,22,5
S,Sul,2025-11-22,12731.36133333,2025,11,22,5
SE,Sudeste/Centro-Oeste,2025-11-22,44059.17166667,2025,11,22,5
N,Norte,2025-11-23,8628.12679167,2025,11,23,6
NE,Nordeste,2025-11-23,12356.42583333,2025,11,23,6
S,Sul,2025-11-23,11080.268125,2025,11,23,6
SE,Sudeste/Centro-Oeste,2025-11-23,40642.54433333,2025,11,23,6
N,Norte,2025-11-24,9181.98383333,2025,11,24,0
NE,Nordeste,2025-11-24,13976.10825,2025,11,24,0
S,Sul,2025-11-24,13923.07979167,2025,11,24,0
SE,Sudeste/Centro-Oeste,2025-11-24,45204.07183333,2025,11,24,0
N,Norte,2025-11-25,9146.37483333,2025,11,25,1
NE,Nordeste,2025-11-25,14460.00383333,2025,11,25,1
S,Sul,2025-11-25,14891.31808333,2025,11,25,1
SE,Sudeste/Centro-Oeste,2025-11-25,44803.89445833,2025,11,25,1
N,Norte,2025-11-26,9145.57183333,2025,11,26,2
NE,Nordeste,2025-11-26,14343.07470833,2025,11,26,2
S,Sul,2025-11-26,15377.80404167,2025,11,26,2
SE,Sudeste/Centro-Oeste,2025-11-26,45031.875625,2025,11,26,2
N,Norte,2025-11-27,9246.79804167,2025,11,27,3
NE,Nordeste,2025-11-27,14545.61391667,2025,11,27,3
S,Sul,2025-11-27,15673.53841667,2025,11,27,3
SE,Sudeste/Centro-Oeste,2025-11-27,45668.05675,2025,11,27,3
N,Norte,2025-11-28,9264.862,2025,11,28,4
NE,Nordeste,2025-11-28,14313.71125,2025,11,28,4
S,Sul,2025-11-28,16484.15570833,2025,11,28,4
SE,Sudeste/Centro-Oeste,2025-11-28,46945.022375,2025,11,28,4
N,Norte,2025-11-29,8827.08095833,2025,11,29,5
NE,Nordeste,2025-11-29,13143.782625,2025,11,29,5
S,Sul,2025-11-29,14201.07358333,2025,11,29,5
SE,Sudeste/Centro-Oeste,2025-11-29,44041.74366667,2025,11,29,5
N,Norte,2025-11-30,8216.63116667,2025,11,30,6
NE,Nordeste,2025-11-30,12475.10358333,2025,11,30,6
S,Sul,2025-11-30,12680.55079167,2025,11,30,6
SE,Sudeste/Centro-Oeste,2025-11-30,41679.84,2025,11,30,6
N,Norte,2025-12-01,8948.95995833,2025,12,1,0
NE,Nordeste,2025-12-01,13843.47441667,2025,12,1,0
S,Sul,2025-12-01,15464.93779167,2025,12,1,0
SE,Sudeste/Centro-Oeste,2025-12-01,49317.68354167,2025,12,1,0
N,Norte,2025-12-02,9015.72104167,2025,12,2,1
NE,Nordeste,2025-12-02,14130.81191667,2025,12,2,1
S,Sul,2025-12-02,15877.16708333,2025,12,2,1
SE,Sudeste/Centro-Oeste,2025-12-02,49717.447625,2025,12,2,1
N,Norte,2025-12-03,8970.33895833,2025,12,3,2
NE,Nordeste,2025-12-03,14219.31720833,2025,12,3,2
S,Sul,2025-12-03,16012.14708333,2025,12,3,2
SE,Sudeste/Centro-Oeste,2025-12-03,48805.0015,2025,12,3,2
N,Norte,2025-12-04,8842.50508333,2025,12,4,3
NE,Nordeste,2025-12-04,14251.69816667,2025,12,4,3
S,Sul,2025-12-04,16021.91154167,2025,12,4,3
SE,Sudeste/Centro-Oeste,2025-12-04,47123.823375,2025,12,4,3
N,Norte,2025-12-05,8852.23908333,2025,12,5,4
NE,Nordeste,2025-12-05,14463.47554167,2025,12,5,4
S,Sul,2025-12-05,16462.60870833,2025,12,5,4
SE,Sudeste/Centro-Oeste,2025-12-05,46304.83945833,2025,12,5,4
N,Norte,2025-12-06,8611.11583333,2025,12,6,5
NE,Nordeste,2025-12-06,13225.80854167,2025,12,6,5
S,Sul,2025-12-06,15135.082,2025,12,6,5
SE,Sudeste/Centro-Oeste,2025-12-06,44083.91879167,2025,12,6,5
N,Norte,2025-12-07,8113.43466667,2025,12,7,6
NE,Nordeste,2025-12-07,12206.60570833,2025,12,7,6
S,Sul,2025-12-07,14305.72333333,2025,12,7,6
SE,Sudeste/Centro-Oeste,2025-12-07,41485.27795833,2025,12,7,6
N,Norte,2025-12-08,8429.617875,2025,12,8,0
NE,Nordeste,2025-12-08,13579.15716667,2025,12,8,0
S,Sul,2025-12-08,16865.43458333,2025,12,8,0
SE,Sudeste/Centro-Oeste,2025-12-08,47039.65779167,2025,12,8,0
N,Norte,2025-12-09,8924.98566667,2025,12,9,1
NE,Nordeste,2025-12-09,13859.425625,2025,12,9,1
S,Sul,2025-12-09,15278.58829167,2025,12,9,1
SE,Sudeste/Centro-Oeste,2025-12-09,46979.761125,2025,12,9,1
N,Norte,2025-12-10,9069.51691667,2025,12,10,2
NE,Nordeste,2025-12-10,14096.32379167,2025,12,10,2
S,Sul,2025-12-10,14451.02525,2025,12,10,2
SE,Sudeste/Centro-Oeste,2025-12-10,46008.13933333,2025,12,10,2
N,Norte,2025-12-11,9095.487375,2025,12,11,3
NE,Nordeste,2025-12-11,14357.70033333,2025,12,11,3
S,Sul,2025-12-11,14675.96775,2025,12,11,3
SE,Sudeste/Centro-Oeste,2025-12-11,47592.01625,2025,12,11,3
N,Norte,2025-12-12,9070.89445833,2025,12,12,4
NE,Nordeste,2025-12-12,14368.79179167,2025,12,12,4
S,Sul,2025-12-12,15314.39625,2025,12,12,4
SE,Sudeste/Centro-Oeste,2025-12-12,48636.02570833,2025,12,12,4
N,Norte,2025-12-13,8774.96725,2025,12,13,5
NE,Nordeste,2025-12-13,13339.92345833,2025,12,13,5
S,Sul,2025-12-13,13272.86808333,2025,12,13,5
SE,Sudeste/Centro-Oeste,2025-12-13,44699.28816667,2025,12,13,5
N,Norte,2025-12-14,8404.67304167,2025,12,14,6
NE,Nordeste,2025-12-14,12459.96441667,2025,12,14,6
S,Sul,2025-12-14,12973.27395833,2025,12,14,6
SE,Sudeste/Centro-Oeste,2025-12-14,40641.682875,2025,12,14,6
N,Norte,2025-12-15,8813.484125,2025,12,15,0
NE,Nordeste,2025-12-15,13936.64183333,2025,12,15,0
S,Sul,2025-12-15,16091.16158333,2025,12,15,0
SE,Sudeste/Centro-Oeste,2025-12-15,48081.393625,2025,12,15,0
N,Norte,2025-12-16,8793.12454167,2025,12,16,1
NE,Nordeste,2025-12-16,14092.32004167,2025,12,16,1
S,Sul,2025-12-16,15136.525125,2025,12,16,1
SE,Sudeste/Centro-Oeste,2025-12-16,49292.85816667,2025,12,16,1
N,Norte,2025-12-17,8906.49225,2025,12,17,2
NE,Nordeste,2025-12-17,13841.42220833,2025,12,17,2
S,Sul,2025-12-17,14451.40508333,2025,12,17,2
SE,Sudeste/Centro-Oeste,2025-12-17,44702.10645833,2025,12,17,2
N,Norte,2025-12-18,8781.09904167,2025,12,18,3
NE,Nordeste,2025-12-18,13962.28008333,2025,12,18,3
S,Sul,2025-12-18,14941.33958333,2025,12,18,3
SE,Sudeste/Centro-Oeste,2025-12-18,43268.7085,2025,12,18,3
N,Norte,2025-12-19,8461.88391667,2025,12,19,4
NE,Nordeste,2025-12-19,13943.680875,2025,12,19,4
S,Sul,2025-12-19,15434.10020833,2025,12,19,4
SE,Sudeste/Centro-Oeste,2025-12-19,43503.36895833,2025,12,19,4
N,Norte,2025-12-20,8102.03033333,2025,12,20,5
NE,Nordeste,2025-12-20,13448.70266667,2025,12,20,5
S,Sul,2025-12-20,14189.31841667,2025,12,20,5
SE,Sudeste/Centro-Oeste,2025-12-20,40805.78441667,2025,12,20,5
N,Norte,2025-12-21,7527.265,2025,12,21,6
NE,Nordeste,2025-12-21,12604.42329167,2025,12,21,6
S,Sul,2025-12-21,13673.58670833,2025,12,21,6
SE,Sudeste/Centro-Oeste,2025-12-21,39314.99495833,2025,12,21,6
N,Norte,2025-12-22,8098.650625,2025,12,22,0
NE,Nordeste,2025-12-22,13566.34829167,2025,12,22,0
S,Sul,2025-12-22,15539.71229167,2025,12,22,0
SE,Sudeste/Centro-Oeste,2025-12-22,45233.63054167,2025,12,22,0
N,Norte,2025-12-23,7953.361125,2025,12,23,1
NE,Nordeste,2025-12-23,13308.69679167,2025,12,23,1
S,Sul,2025-12-23,15567.43029167,2025,12,23,1
SE,Sudeste/Centro-Oeste,2025-12-23,47066.55091667,2025,12,23,1
N,Norte,2025-12-24,7579.370375,2025,12,24,2
NE,Nordeste,2025-12-24,12503.08270833,2025,12,24,2
S,Sul,2025-12-24,13759.068,2025,12,24,2
SE,Sudeste/Centro-Oeste,2025-12-24,44867.482375,2025,12,24,2
N,Norte,2025-12-25,7022.985125,2025,12,25,3
NE,Nordeste,2025-12-25,11593.10566667,2025,12,25,3
S,Sul,2025-12-25,11751.12820833,2025,12,25,3
SE,Sudeste/Centro-Oeste,2025-12-25,40745.18591667,2025,12,25,3
N,Norte,2025-12-26,7972.05879167,2025,12,26,4
NE,Nordeste,2025-12-26,13070.49291667,2025,12,26,4
S,Sul,2025-12-26,13691.55504167,2025,12,26,4
SE,Sudeste/Centro-Oeste,2025-12-26,46933.097375,2025,12,26,4
N,Norte,2025-12-27,8257.88795833,2025,12,27,5
NE,Nordeste,2025-12-27,13144.87941667,2025,12,27,5
S,Sul,2025-12-27,13908.896125,2025,12,27,5
SE,Sudeste/Centro-Oeste,2025-12-27,46604.419625,2025,12,27,5
N,Norte,2025-12-28,8021.48054167,2025,12,28,6
NE,Nordeste,2025-12-28,12835.50583333,2025,12,28,6
S,Sul,2025-12-28,13003.06029167,2025,12,28,6
SE,Sudeste/Centro-Oeste,2025-12-28,44605.56625,2025,12,28,6
N,Norte,2025-12-29,8140.71416667,2025,12,29,0
NE,Nordeste,2025-12-29,14392.15208333,2025,12,29,0
S,Sul,2025-12-29,13859.39625,2025,12,29,0
SE,Sudeste/Centro-Oeste,2025-12-29,48437.28425,2025,12,29,0
N,Norte,2025-12-30,8079.16204167,2025,12,30,1
NE,Nordeste,2025-12-30,14220.89291667,2025,12,30,1
S,Sul,2025-12-30,13401.77466667,2025,12,30,1
SE,Sudeste/Centro-Oeste,2025-12-30,49242.02170833,2025,12,30,1
N,Norte,2025-12-31,7940.82241667,2025,12,31,2
NE,Nordeste,2025-12-31,13847.36875,2025,12,31,2
S,Sul,2025-12-31,12611.9,2025,12,31,2
SE,Sudeste/Centro-Oeste,2025-12-31,45239.72320833,2025,12,31,2
N,Norte,2026-01-01,7649.438875000001,2026,1,1,3
NE,Nordeste,2026-01-01,12269.97258333333,2026,1,1,3
S,Sul,2026-01-01,11203.19591666667,2026,1,1,3
SE,Sudeste/Centro-Oeste,2026-01-01,40463.7935,2026,1,1,3
N,Norte,2026-01-02,8235.208333333334,2026,1,2,4
NE,Nordeste,2026-01-02,13703.66220833333,2026,1,2,4
S,Sul,2026-01-02,12560.747125,2026,1,2,4
SE,Sudeste/Centro-Oeste,2026-01-02,44884.27916666667,2026,1,2,4
N,Norte,2026-01-03,8129.291666666667,2026,1,3,5
NE,Nordeste,2026-01-03,13457.45291666667,2026,1,3,5
S,Sul,2026-01-03,12131.754125,2026,1,3,5
SE,Sudeste/Centro-Oeste,2026-01-03,43201.07991666666,2026,1,3,5
N,Norte,2026-01-04,7888.991208333333,2026,1,4,6
NE,Nordeste,2026-01-04,12708.1665,2026,1,4,6
S,Sul,2026-01-04,10540.81058333333,2026,1,4,6
SE,Sudeste/Centro-Oeste,2026-01-04,40391.98637499999,2026,1,4,6
N,Norte,2026-01-05,8499.976125000001,2026,1,5,0
NE,Nordeste,2026-01-05,14019.96679166667,2026,1,5,0
S,Sul,2026-01-05,12786.24166666667,2026,1,5,0
SE,Sudeste/Centro-Oeste,2026-01-05,43145.79370833333,2026,1,5,0
N,Norte,2026-01-06,8471.549500000001,2026,1,6,1
NE,Nordeste,2026-01-06,14193.6755,2026,1,6,1
S,Sul,2026-01-06,14210.00229166667,2026,1,6,1
SE,Sudeste/Centro-Oeste,2026-01-06,43893.26170833333,2026,1,6,1
N,Norte,2026-01-07,8340.217083333333,2026,1,7,2
NE,Nordeste,2026-01-07,14280.46670833334,2026,1,7,2
S,Sul,2026-01-07,15939.28754166666,2026,1,7,2
SE,Sudeste/Centro-Oeste,2026-01-07,45859.37558333333,2026,1,7,2
N,Norte,2026-01-08,8369.853291666666,2026,1,8,3
NE,Nordeste,2026-01-08,14477.01858333333,2026,1,8,3
S,Sul,2026-01-08,16435.15258333333,2026,1,8,3
SE,Sudeste/Centro-Oeste,2026-01-08,47396.49141666668,2026,1,8,3
N,Norte,2026-01-09,8306.480916666666,2026,1,9,4
NE,Nordeste,2026-01-09,14492.44954166667,2026,1,9,4
S,Sul,2026-01-09,16384.60745833334,2026,1,9,4
SE,Sudeste/Centro-Oeste,2026-01-09,49702.03716666667,2026,1,9,4
N,Norte,2026-01-10,8267.076124999998,2026,1,10,5
NE,Nordeste,2026-01-10,13749.46570833334,2026,1,10,5
S,Sul,2026-01-10,13645.91745833333,2026,1,10,5
SE,Sudeste/Centro-Oeste,2026-01-10,46929.53729166667,2026,1,10,5
N,Norte,2026-01-11,7802.381208333332,2026,1,11,6
NE,Nordeste,2026-01-11,12942.20554166666,2026,1,11,6
S,Sul,2026-01-11,11519.192625,2026,1,11,6
SE,Sudeste/Centro-Oeste,2026-01-11,43884.43141666668,2026,1,11,6
N,Norte,2026-01-12,8093.792083333335,2026,1,12,0
NE,Nordeste,2026-01-12,14600.39341666667,2026,1,12,0
S,Sul,2026-01-12,15062.539625,2026,1,12,0
SE,Sudeste/Centro-Oeste,2026-01-12,51195.19054166666,2026,1,12,0
N,Norte,2026-01-13,8308.777208333333,2026,1,13,1
NE,Nordeste,2026-01-13,14151.28995833333,2026,1,13,1
S,Sul,2026-01-13,15907.14679166667,2026,1,13,1
SE,Sudeste/Centro-Oeste,2026-01-13,50856.15187500001,2026,1,13,1
N,Norte,2026-01-14,8241.787541666667,2026,1,14,2
NE,Nordeste,2026-01-14,14431.449,2026,1,14,2
S,Sul,2026-01-14,16799.24795833333,2026,1,14,2
SE,Sudeste/Centro-Oeste,2026-01-14,50148.74083333334,2026,1,14,2
N,Norte,2026-01-15,8354.999541666666,2026,1,15,3
NE,Nordeste,2026-01-15,14467.51966666667,2026,1,15,3
S,Sul,2026-01-15,17722.70558333334,2026,1,15,3
SE,Sudeste/Centro-Oeste,2026-01-15,49976.89479166667,2026,1,15,3
N,Norte,2026-01-16,8497.2615,2026,1,16,4
NE,Nordeste,2026-01-16,14744.60595833333,2026,1,16,4
S,Sul,2026-01-16,17931.13075,2026,1,16,4
SE,Sudeste/Centro-Oeste,2026-01-16,50055.22116666668,2026,1,16,4
N,Norte,2026-01-17,8165.33554166667,2026,1,17,5
NE,Nordeste,2026-01-17,14047.20779166667,2026,1,17,5
S,Sul,2026-01-17,15287.258125,2026,1,17,5
SE,Sudeste/Centro-Oeste,2026-01-17,46924.95062499999,2026,1,17,5
N,Norte,2026-01-18,7790.212333333334,2026,1,18,6
NE,Nordeste,2026-01-18,12902.27441666667,2026,1,18,6
S,Sul,2026-01-18,13303.36229166667,2026,1,18,6
SE,Sudeste/Centro-Oeste,2026-01-18,43471.70120833333,2026,1,18,6
N,Norte,2026-01-19,8283.913083333335,2026,1,19,0
NE,Nordeste,2026-01-19,14171.5195,2026,1,19,0
S,Sul,2026-01-19,15292.799625,2026,1,19,0
SE,Sudeste/Centro-Oeste,2026-01-19,48526.48916666667,2026,1,19,0
N,Norte,2026-01-20,8171.931874999999,2026,1,20,1
NE,Nordeste,2026-01-20,14269.27529166667,2026,1,20,1
S,Sul,2026-01-20,14928.68141666667,2026,1,20,1
SE,Sudeste/Centro-Oeste,2026-01-20,45766.91041666667,2026,1,20,1
N,Norte,2026-01-21,8335.185333333333,2026,1,21,2
NE,Nordeste,2026-01-21,13922.33720833333,2026,1,21,2
S,Sul,2026-01-21,15261.64558333333,2026,1,21,2
SE,Sudeste/Centro-Oeste,2026-01-21,44642.8265,2026,1,21,2
N,Norte,2026-01-22,8225.857833333333,2026,1,22,3
NE,Nordeste,2026-01-22,13718.29645833333,2026,1,22,3
S,Sul,2026-01-22,15594.81633333334,2026,1,22,3
SE,Sudeste/Centro-Oeste,2026-01-22,44616.07675,2026,1,22,3
N,Norte,2026-01-23,8382.746875,2026,1,23,4
NE,Nordeste,2026-01-23,13853.75808333333,2026,1,23,4
S,Sul,2026-01-23,15728.55958333333,2026,1,23,4
SE,Sudeste/Centro-Oeste,2026-01-23,44294.64225,2026,1,23,4
N,Norte,2026-01-24,7885.469083333331,2026,1,24,5
NE,Nordeste,2026-01-24,13331.14516666667,2026,1,24,5
S,Sul,2026-01-24,14298.86654166666,2026,1,24,5
SE,Sudeste/Centro-Oeste,2026-01-24,41854.735625,2026,1,24,5
N,Norte,2026-01-25,7668.901333333332,2026,1,25,6
NE,Nordeste,2026-01-25,12743.37729166667,2026,1,25,6
S,Sul,2026-01-25,13267.74275,2026,1,25,6
SE,Sudeste/Centro-Oeste,2026-01-25,39558.26391666667,2026,1,25,6
N,Norte,2026-01-26,8300.285291666667,2026,1,26,0
NE,Nordeste,2026-01-26,14147.911125,2026,1,26,0
S,Sul,2026-01-26,17350.68220833334,2026,1,26,0
SE,Sudeste/Centro-Oeste,2026-01-26,46376.32275,2026,1,26,0
N,Norte,2026-01-27,8064.934166666667,2026,1,27,1
NE,Nordeste,2026-01-27,14050.79445833334,2026,1,27,1
S,Sul,2026-01-27,18561.29708333333,2026,1,27,1
SE,Sudeste/Centro-Oeste,2026-01-27,48370.90454166667,2026,1,27,1
N,Norte,2026-01-28,8051.873166666667,2026,1,28,2
NE,Nordeste,2026-01-28,13914.089875,2026,1,28,2
S,Sul,2026-01-28,19116.81225,2026,1,28,2
SE,Sudeste/Centro-Oeste,2026-01-28,49138.84516666667,2026,1,28,2
N,Norte,2026-01-29,8452.694875000001,2026,1,29,3
NE,Nordeste,2026-01-29,14083.6505,2026,1,29,3
S,Sul,2026-01-29,18061.00333333333,2026,1,29,3
SE,Sudeste/Centro-Oeste,2026-01-29,49187.57754166667,2026,1,29,3
N,Norte,2026-01-30,8536.277041666666,2026,1,30,4
NE,Nordeste,2026-01-30,14118.18425,2026,1,30,4
S,Sul,2026-01-30,16727.24720833333,2026,1,30,4
SE,Sudeste/Centro-Oeste,2026-01-30,48479.81145833333,2026,1,30,4
N,Norte,2026-01-31,8111.557333333333,2026,1,31,5
NE,Nordeste,2026-01-31,13713.37820833333,2026,1,31,5
S,Sul,2026-01-31,14206.246625,2026,1,31,5
SE,Sudeste/Centro-Oeste,2026-01-31,45134.87070833333,2026,1,31,5
N,Norte,2026-02-01,7907.789875000001,2026,2,1,6
NE,Nordeste,2026-02-01,12709.57429166666,2026,2,1,6
S,Sul,2026-02-01,12950.6185,2026,2,1,6
SE,Sudeste/Centro-Oeste,2026-02-01,42714.19525000001,2026,2,1,6
N,Norte,2026-02-02,8372.79175,2026,2,2,0
NE,Nordeste,2026-02-02,14226.37270833333,2026,2,2,0
S,Sul,2026-02-02,16318.8255,2026,2,2,0
SE,Sudeste/Centro-Oeste,2026-02-02,48130.97066666667,2026,2,2,0
N,Norte,2026-02-03,8585.292791666669,2026,2,3,1
NE,Nordeste,2026-02-03,14623.46154166667,2026,2,3,1
S,Sul,2026-02-03,17363.05975,2026,2,3,1
SE,Sudeste/Centro-Oeste,2026-02-03,48711.30895833333,2026,2,3,1
N,Norte,2026-02-04,8543.890291666667,2026,2,4,2
NE,Nordeste,2026-02-04,14954.67470833333,2026,2,4,2
S,Sul,2026-02-04,17114.01245833333,2026,2,4,2
SE,Sudeste/Centro-Oeste,2026-02-04,48913.12629166665,2026,2,4,2
N,Norte,2026-02-05,8630.314416666666,2026,2,5,3
NE,Nordeste,2026-02-05,14726.29925,2026,2,5,3
S,Sul,2026-02-05,17918.76041666667,2026,2,5,3
SE,Sudeste/Centro-Oeste,2026-02-05,48791.40054166666,2026,2,5,3
N,Norte,2026-02-06,8412.899541666668,2026,2,6,4
NE,Nordeste,2026-02-06,14063.714,2026,2,6,4
S,Sul,2026-02-06,18461.86325,2026,2,6,4
SE,Sudeste/Centro-Oeste,2026-02-06,49429.30870833333,2026,2,6,4
N,Norte,2026-02-07,7917.820041666666,2026,2,7,5
NE,Nordeste,2026-02-07,13489.48804166667,2026,2,7,5
S,Sul,2026-02-07,15396.744125,2026,2,7,5
SE,Sudeste/Centro-Oeste,2026-02-07,46125.33445833333,2026,2,7,5
N,Norte,2026-02-08,7557.056374999997,2026,2,8,6
NE,Nordeste,2026-02-08,12381.40716666667,2026,2,8,6
S,Sul,2026-02-08,12375.97008333333,2026,2,8,6
SE,Sudeste/Centro-Oeste,2026-02-08,41805.48208333333,2026,2,8,6
N,Norte,2026-02-09,8164.733458333332,2026,2,9,0
NE,Nordeste,2026-02-09,13041.53054166667,2026,2,9,0
S,Sul,2026-02-09,16398.73866666667,2026,2,9,0
SE,Sudeste/Centro-Oeste,2026-02-09,46366.41854166668,2026,2,9,0
N,Norte,2026-02-10,8239.966833333334,2026,2,10,1
NE,Nordeste,2026-02-10,13432.58254166666,2026,2,10,1
S,Sul,2026-02-10,17665.83829166666,2026,2,10,1
SE,Sudeste/Centro-Oeste,2026-02-10,46872.55095833333,2026,2,10,1
N,Norte,2026-02-11,8202.317416666667,2026,2,11,2
NE,Nordeste,2026-02-11,13606.55570833333,2026,2,11,2
S,Sul,2026-02-11,18534.916875,2026,2,11,2
SE,Sudeste/Centro-Oeste,2026-02-11,48302.59495833335,2026,2,11,2
N,Norte,2026-02-12,8388.51025,2026,2,12,3
NE,Nordeste,2026-02-12,13800.83470833333,2026,2,12,3
S,Sul,2026-02-12,19089.16925,2026,2,12,3
SE,Sudeste/Centro-Oeste,2026-02-12,49654.14383333334,2026,2,12,3
N,Norte,2026-02-13,8201.386416666666,2026,2,13,4
NE,Nordeste,2026-02-13,13782.25025,2026,2,13,4
S,Sul,2026-02-13,17987.05341666667,2026,2,13,4
SE,Sudeste/Centro-Oeste,2026-02-13,50724.26916666667,2026,2,13,4
N,Norte,2026-02-14,7928.151916666666,2026,2,14,5
NE,Nordeste,2026-02-14,12816.964,2026,2,14,5
S,Sul,2026-02-14,14046.36408333333,2026,2,14,5
SE,Sudeste/Centro-Oeste,2026-02-14,47042.97033333333,2026,2,14,5
N,Norte,2026-02-15,7542.437750000002,2026,2,15,6
NE,Nordeste,2026-02-15,11874.47804166667,2026,2,15,6
S,Sul,2026-02-15,12684.289125,2026,2,15,6
SE,Sudeste/Centro-Oeste,2026-02-15,43809.90033333333,2026,2,15,6
N,Norte,2026-02-16,7700.93,2026,2,16,0
NE,Nordeste,2026-02-16,12182.42216666666,2026,2,16,0
S,Sul,2026-02-16,15779.637375,2026,2,16,0
SE,Sudeste/Centro-Oeste,2026-02-16,47965.10366666666,2026,2,16,0
N,Norte,2026-02-17,7752.668583333333,2026,2,17,1
NE,Nordeste,2026-02-17,12441.62954166667,2026,2,17,1
S,Sul,2026-02-17,16527.146,2026,2,17,1
SE,Sudeste/Centro-Oeste,2026-02-17,48931.58679166667,2026,2,17,1
N,Norte,2026-02-18,7955.412875000002,2026,2,18,2
NE,Nordeste,2026-02-18,13386.84,2026,2,18,2
S,Sul,2026-02-18,17408.38025000001,2026,2,18,2
SE,Sudeste/Centro-Oeste,2026-02-18,52273.53666666665,2026,2,18,2
N,Norte,2026-02-19,8229.34129166667,2026,2,19,3
NE,Nordeste,2026-02-19,13984.676375,2026,2,19,3
S,Sul,2026-02-19,17389.9145,2026,2,19,3
SE,Sudeste/Centro-Oeste,2026-02-19,52477.49770833334,2026,2,19,3
N,Norte,2026-02-20,8345.185291666667,2026,2,20,4
NE,Nordeste,2026-02-20,14068.72341666667,2026,2,20,4
S,Sul,2026-02-20,17073.1965,2026,2,20,4
SE,Sudeste/Centro-Oeste,2026-02-20,52592.07745833333,2026,2,20,4
N,Norte,2026-02-21,8044.374708333332,2026,2,21,5
NE,Nordeste,2026-02-21,13151.48604166666,2026,2,21,5
S,Sul,2026-02-21,14062.367875,2026,2,21,5
SE,Sudeste/Centro-Oeste,2026-02-21,48181.17037500002,2026,2,21,5
N,Norte,2026-02-22,7826.949583333332,2026,2,22,6
NE,Nordeste,2026-02-22,12501.21816666667,2026,2,22,6
S,Sul,2026-02-22,12467.78795833333,2026,2,22,6
SE,Sudeste/Centro-Oeste,2026-02-22,42922.67366666665,2026,2,22,6
N,Norte,2026-02-23,8177.589291666666,2026,2,23,0
NE,Nordeste,2026-02-23,13883.33341666667,2026,2,23,0
S,Sul,2026-02-23,16081.39525,2026,2,23,0
SE,Sudeste/Centro-Oeste,2026-02-23,49283.61833333334,2026,2,23,0
N,Norte,2026-02-24,8323.637541666667,2026,2,24,1
NE,Nordeste,2026-02-24,14413.79329166667,2026,2,24,1
S,Sul,2026-02-24,16699.50295833333,2026,2,24,1
SE,Sudeste/Centro-Oeste,2026-02-24,48997.40091666667,2026,2,24,1
N,Norte,2026-02-25,8357.388041666669,2026,2,25,2
NE,Nordeste,2026-02-25,14464.656125,2026,2,25,2
S,Sul,2026-02-25,16483.459,2026,2,25,2
SE,Sudeste/Centro-Oeste,2026-02-25,49793.96070833332,2026,2,25,2
N,Norte,2026-02-26,8154.916166666667,2026,2,26,3
NE,Nordeste,2026-02-26,14250.85366666666,2026,2,26,3
S,Sul,2026-02-26,15917.88941666667,2026,2,26,3
SE,Sudeste/Centro-Oeste,2026-02-26,50015.61629166666,2026,2,26,3
N,Norte,2026-02-27,8125.594708333331,2026,2,27,4
NE,Nordeste,2026-02-27,13821.527,2026,2,27,4
S,Sul,2026-02-27,15768.01258333333,2026,2,27,4
SE,Sudeste/Centro-Oeste,2026-02-27,48228.448875,2026,2,27,4
N,Norte,2026-02-28,7841.30175,2026,2,28,5
NE,Nordeste,2026-02-28,13155.96704166666,2026,2,28,5
S,Sul,2026-02-28,13867.973625,2026,2,28,5
SE,Sudeste/Centro-Oeste,2026-02-28,43607.45891666668,2026,2,28,5
N,Norte,2026-03-01,7664.917958333334,2026,3,1,6
NE,Nordeste,2026-03-01,12101.146125,2026,3,1,6
S,Sul,2026-03-01,12371.37308333333,2026,3,1,6
SE,Sudeste/Centro-Oeste,2026-03-01,39466.922,2026,3,1,6
N,Norte,2026-03-02,8436.229791666665,2026,3,2,0
NE,Nordeste,2026-03-02,13560.08720833333,2026,3,2,0
S,Sul,2026-03-02,15727.81220833334,2026,3,2,0
SE,Sudeste/Centro-Oeste,2026-03-02,45991.09429166667,2026,3,2,0
N,Norte,2026-03-03,8380.255041666665,2026,3,3,1
NE,Nordeste,2026-03-03,13348.37629166667,2026,3,3,1
S,Sul,2026-03-03,16725.19545833333,2026,3,3,1
SE,Sudeste/Centro-Oeste,2026-03-03,47744.24633333334,2026,3,3,1
N,Norte,2026-03-04,8316.753958333333,2026,3,4,2
NE,Nordeste,2026-03-04,13061.69291666667,2026,3,4,2
S,Sul,2026-03-04,17650.83658333333,2026,3,4,2
SE,Sudeste/Centro-Oeste,2026-03-04,48898.39125000002,2026,3,4,2
N,Norte,2026-03-05,8253.106166666666,2026,3,5,3
NE,Nordeste,2026-03-05,12974.83875,2026,3,5,3
S,Sul,2026-03-05,17809.96133333333,2026,3,5,3
SE,Sudeste/Centro-Oeste,2026-03-05,50072.21229166666,2026,3,5,3
N,Norte,2026-03-06,8172.233250000002,2026,3,6,4
NE,Nordeste,2026-03-06,12542.84591666667,2026,3,6,4
S,Sul,2026-03-06,17596.99620833333,2026,3,6,4
SE,Sudeste/Centro-Oeste,2026-03-06,50836.64616666667,2026,3,6,4
N,Norte,2026-03-07,7917.061041666668,2026,3,7,5
NE,Nordeste,2026-03-07,12553.69733333333,2026,3,7,5
S,Sul,2026-03-07,15098.24570833334,2026,3,7,5
SE,Sudeste/Centro-Oeste,2026-03-07,46334.11491666665,2026,3,7,5
N,Norte,2026-03-08,7704.343583333332,2026,3,8,6
NE,Nordeste,2026-03-08,11916.03595833333,2026,3,8,6
S,Sul,2026-03-08,12991.64475,2026,3,8,6
SE,Sudeste/Centro-Oeste,2026-03-08,42106.92858333335,2026,3,8,6
N,Norte,2026-03-09,8539.662666666667,2026,3,9,0
NE,Nordeste,2026-03-09,13456.03725,2026,3,9,0
S,Sul,2026-03-09,15338.88933333333,2026,3,9,0
SE,Sudeste/Centro-Oeste,2026-03-09,48601.44645833335,2026,3,9,0
N,Norte,2026-03-10,8539.430166666665,2026,3,10,1
NE,Nordeste,2026-03-10,13949.86845833334,2026,3,10,1
S,Sul,2026-03-10,15405.18475,2026,3,10,1
SE,Sudeste/Centro-Oeste,2026-03-10,47381.66954166666,2026,3,10,1
N,Norte,2026-03-11,8479.113166666666,2026,3,11,2
NE,Nordeste,2026-03-11,14204.63133333333,2026,3,11,2
S,Sul,2026-03-11,15817.90825,2026,3,11,2
SE,Sudeste/Centro-Oeste,2026-03-11,47199.85825,2026,3,11,2
N,Norte,2026-03-12,8498.626125,2026,3,12,3
NE,Nordeste,2026-03-12,14217.459,2026,3,12,3
S,Sul,2026-03-12,16107.25158333333,2026,3,12,3
SE,Sudeste/Centro-Oeste,2026-03-12,46936.52279166667,2026,3,12,3
N,Norte,2026-03-13,8341.20125,2026,3,13,4
NE,Nordeste,2026-03-13,14245.23483333333,2026,3,13,4
S,Sul,2026-03-13,15909.35729166667,2026,3,13,4
SE,Sudeste/Centro-Oeste,2026-03-13,46628.15212499999,2026,3,13,4
N,Norte,2026-03-14,8166.520958333334,2026,3,14,5
NE,Nordeste,2026-03-14,13976.56345833334,2026,3,14,5
S,Sul,2026-03-14,14400.57566666666,2026,3,14,5
SE,Sudeste/Centro-Oeste,2026-03-14,42670.10191666667,2026,3,14,5
N,Norte,2026-03-15,7997.276916666666,2026,3,15,6
NE,Nordeste,2026-03-15,13272.589125,2026,3,15,6
S,Sul,2026-03-15,13446.00116666667,2026,3,15,6
SE,Sudeste/Centro-Oeste,2026-03-15,40114.52649999999,2026,3,15,6
N,Norte,2026-03-16,8611.201666666666,2026,3,16,0
NE,Nordeste,2026-03-16,14271.086375,2026,3,16,0
S,Sul,2026-03-16,17837.16779166667,2026,3,16,0
SE,Sudeste/Centro-Oeste,2026-03-16,48022.45416666668,2026,3,16,0
N,Norte,2026-03-17,8448.223083333334,2026,3,17,1
NE,Nordeste,2026-03-17,13915.953625,2026,3,17,1
S,Sul,2026-03-17,17977.62816666667,2026,3,17,1
SE,Sudeste/Centro-Oeste,2026-03-17,49710.679875,2026,3,17,1
N,Norte,2026-03-18,8376.463375000001,2026,3,18,2
NE,Nordeste,2026-03-18,13966.372,2026,3,18,2
S,Sul,2026-03-18,17386.45058333333,2026,3,18,2
SE,Sudeste/Centro-Oeste,2026-03-18,49875.424125,2026,3,18,2
N,Norte,2026-03-19,8130.482791666669,2026,3,19,3
NE,Nordeste,2026-03-19,13936.72866666667,2026,3,19,3
S,Sul,2026-03-19,17437.76541666667,2026,3,19,3
SE,Sudeste/Centro-Oeste,2026-03-19,49310.78950000001,2026,3,19,3
N,Norte,2026-03-20,8185.699291666667,2026,3,20,4
NE,Nordeste,2026-03-20,14302.28245833333,2026,3,20,4
S,Sul,2026-03-20,17392.88258333334,2026,3,20,4
SE,Sudeste/Centro-Oeste,2026-03-20,47891.50400000002,2026,3,20,4
N,Norte,2026-03-21,7955.472291666666,2026,3,21,5
NE,Nordeste,2026-03-21,13715.86591666667,2026,3,21,5
S,Sul,2026-03-21,15520.88758333333,2026,3,21,5
SE,Sudeste/Centro-Oeste,2026-03-21,43782.75795833334,2026,3,21,5
N,Norte,2026-03-22,8037.342416666667,2026,3,22,6
NE,Nordeste,2026-03-22,13080.5045,2026,3,22,6
S,Sul,2026-03-22,13721.566125,2026,3,22,6
SE,Sudeste/Centro-Oeste,2026-03-22,40857.99358333332,2026,3,22,6
N,Norte,2026-03-23,8685.059791666665,2026,3,23,0
NE,Nordeste,2026-03-23,14460.67016666667,2026,3,23,0
S,Sul,2026-03-23,16591.16816666667,2026,3,23,0
SE,Sudeste/Centro-Oeste,2026-03-23,48031.70729166667,2026,3,23,0
N,Norte,2026-03-24,8624.733083333334,2026,3,24,1
NE,Nordeste,2026-03-24,14371.63233333334,2026,3,24,1
S,Sul,2026-03-24,16669.51991666666,2026,3,24,1
SE,Sudeste/Centro-Oeste,2026-03-24,48772.13308333334,2026,3,24,1
N,Norte,2026-03-25,8446.913416666668,2026,3,25,2
NE,Nordeste,2026-03-25,13985.08591666667,2026,3,25,2
S,Sul,2026-03-25,16671.69679166667,2026,3,25,2
SE,Sudeste/Centro-Oeste,2026-03-25,48993.86266666666,2026,3,25,2
N,Norte,2026-03-26,8548.112666666668,2026,3,26,3
NE,Nordeste,2026-03-26,14252.47929166666,2026,3,26,3
S,Sul,2026-03-26,17188.37241666667,2026,3,26,3
SE,Sudeste/Centro-Oeste,2026-03-26,48855.12912500001,2026,3,26,3
N,Norte,2026-03-27,8670.094875,2026,3,27,4
NE,Nordeste,2026-03-27,14089.11866666667,2026,3,27,4
S,Sul,2026-03-27,17975.52495833334,2026,3,27,4
SE,Sudeste/Centro-Oeste,2026-03-27,48511.2385,2026,3,27,4
N,Norte,2026-03-28,8288.877333333334,2026,3,28,5
NE,Nordeste,2026-03-28,13202.127625,2026,3,28,5
S,Sul,2026-03-28,16133.481375,2026,3,28,5
SE,Sudeste/Centro-Oeste,2026-03-28,44519.35533333334,2026,3,28,5
N,Norte,2026-03-29,7935.370416666668,2026,3,29,6
NE,Nordeste,2026-03-29,12432.19854166667,2026,3,29,6
S,Sul,2026-03-29,14544.94608333334,2026,3,29,6
SE,Sudeste/Centro-Oeste,2026-03-29,41072.32479166666,2026,3,29,6
N,Norte,2026-03-30,8404.947208333333,2026,3,30,0
NE,Nordeste,2026-03-30,13951.45520833333,2026,3,30,0
S,Sul,2026-03-30,17906.93991666667,2026,3,30,0
SE,Sudeste/Centro-Oeste,2026-03-30,47745.181125,2026,3,30,0
N,Norte,2026-03-31,8394.866916666668,2026,3,31,1
NE,Nordeste,2026-03-31,14091.618125,2026,3,31,1
S,Sul,2026-03-31,17146.760875,2026,3,31,1
SE,Sudeste/Centro-Oeste,2026-03-31,48134.92570833333,2026,3,31,1
N,Norte,2026-04-01,8039.524250000002,2026,4,1,2
NE,Nordeste,2026-04-01,13815.490125,2026,4,1,2
S,Sul,2026-04-01,16674.42720833333,2026,4,1,2
SE,Sudeste/Centro-Oeste,2026-04-01,47213.429625,2026,4,1,2
N,Norte,2026-04-02,7987.124041666667,2026,4,2,3
NE,Nordeste,2026-04-02,13343.61645833334,2026,4,2,3
S,Sul,2026-04-02,16802.56829166666,2026,4,2,3
SE,Sudeste/Centro-Oeste,2026-04-02,47041.25754166667,2026,4,2,3
N,Norte,2026-04-03,7605.680333333334,2026,4,3,4
NE,Nordeste,2026-04-03,11674.82091666667,2026,4,3,4
S,Sul,2026-04-03,13350.050375,2026,4,3,4
SE,Sudeste/Centro-Oeste,2026-04-03,41142.40675,2026,4,3,4
N,Norte,2026-04-04,7887.073958333334,2026,4,4,5
NE,Nordeste,2026-04-04,12200.56154166667,2026,4,4,5
S,Sul,2026-04-04,13670.00566666667,2026,4,4,5
SE,Sudeste/Centro-Oeste,2026-04-04,41955.1665,2026,4,4,5
N,Norte,2026-04-05,7613.222541666666,2026,4,5,6
NE,Nordeste,2026-04-05,12033.44404166667,2026,4,5,6
S,Sul,2026-04-05,12250.20370833333,2026,4,5,6
SE,Sudeste/Centro-Oeste,2026-04-05,40182.65083333334,2026,4,5,6
N,Norte,2026-04-06,8272.365833333331,2026,4,6,0
NE,Nordeste,2026-04-06,13435.33525,2026,4,6,0
S,Sul,2026-04-06,15613.624875,2026,4,6,0
SE,Sudeste/Centro-Oeste,2026-04-06,47889.58758333334,2026,4,6,0
N,Norte,2026-04-07,8203.151666666667,2026,4,7,1
NE,Nordeste,2026-04-07,13682.17945833333,2026,4,7,1
S,Sul,2026-04-07,16291.59929166667,2026,4,7,1
SE,Sudeste/Centro-Oeste,2026-04-07,49442.74225,2026,4,7,1
N,Norte,2026-04-08,8414.291166666668,2026,4,8,2
NE,Nordeste,2026-04-08,13839.408875,2026,4,8,2
S,Sul,2026-04-08,15391.95091666667,2026,4,8,2
SE,Sudeste/Centro-Oeste,2026-04-08,49517.84225000001,2026,4,8,2
N,Norte,2026-04-09,8270.605541666666,2026,4,9,3
NE,Nordeste,2026-04-09,14039.02608333333,2026,4,9,3
S,Sul,2026-04-09,14794.85329166667,2026,4,9,3
SE,Sudeste/Centro-Oeste,2026-04-09,49202.73500000001,2026,4,9,3
N,Norte,2026-04-10,8452.563875000002,2026,4,10,4
NE,Nordeste,2026-04-10,14052.70904166666,2026,4,10,4
S,Sul,2026-04-10,14700.73645833334,2026,4,10,4
SE,Sudeste/Centro-Oeste,2026-04-10,47045.35420833333,2026,4,10,4
N,Norte,2026-04-11,8126.225916666666,2026,4,11,5
NE,Nordeste,2026-04-11,13191.63204166667,2026,4,11,5
S,Sul,2026-04-11,12887.45154166667,2026,4,11,5
SE,Sudeste/Centro-Oeste,2026-04-11,41562.04720833332,2026,4,11,5
N,Norte,2026-04-12,7706.278125,2026,4,12,6
NE,Nordeste,2026-04-12,12400.45104166667,2026,4,12,6
S,Sul,2026-04-12,11450.980625,2026,4,12,6
SE,Sudeste/Centro-Oeste,2026-04-12,38278.26425,2026,4,12,6
N,Norte,2026-04-13,8279.011291666668,2026,4,13,0
NE,Nordeste,2026-04-13,13384.33620833333,2026,4,13,0
S,Sul,2026-04-13,14600.9195,2026,4,13,0
SE,Sudeste/Centro-Oeste,2026-04-13,45032.58120833334,2026,4,13,0
N,Norte,2026-04-14,8254.292750000002,2026,4,14,1
NE,Nordeste,2026-04-14,13924.39583333334,2026,4,14,1
S,Sul,2026-04-14,15500.19925,2026,4,14,1
SE,Sudeste/Centro-Oeste,2026-04-14,45680.21208333334,2026,4,14,1
N,Norte,2026-04-15,8266.692375,2026,4,15,2
NE,Nordeste,2026-04-15,13595.30054166667,2026,4,15,2
S,Sul,2026-04-15,15627.81170833333,2026,4,15,2
SE,Sudeste/Centro-Oeste,2026-04-15,45547.67845833334,2026,4,15,2
N,Norte,2026-04-16,8400.646208333332,2026,4,16,3
NE,Nordeste,2026-04-16,13769.60508333333,2026,4,16,3
S,Sul,2026-04-16,15783.89854166667,2026,4,16,3
SE,Sudeste/Centro-Oeste,2026-04-16,45614.728,2026,4,16,3
N,Norte,2026-04-17,8362.260916666664,2026,4,17,4
NE,Nordeste,2026-04-17,13984.3795,2026,4,17,4
S,Sul,2026-04-17,15974.69241666666,2026,4,17,4
SE,Sudeste/Centro-Oeste,2026-04-17,46654.34225,2026,4,17,4
N,Norte,2026-04-18,8050.759333333334,2026,4,18,5
NE,Nordeste,2026-04-18,13358.247125,2026,4,18,5
S,Sul,2026-04-18,13285.12929166667,2026,4,18,5
SE,Sudeste/Centro-Oeste,2026-04-18,42903.38704166666,2026,4,18,5
N,Norte,2026-04-19,7659.652291666666,2026,4,19,6
NE,Nordeste,2026-04-19,12630.01258333333,2026,4,19,6
S,Sul,2026-04-19,11586.32670833333,2026,4,19,6
SE,Sudeste/Centro-Oeste,2026-04-19,39159.274,2026,4,19,6
N,Norte,2026-04-20,7947.484500000001,2026,4,20,0
NE,Nordeste,2026-04-20,13634.40808333333,2026,4,20,0
S,Sul,2026-04-20,13934.1075,2026,4,20,0
SE,Sudeste/Centro-Oeste,2026-04-20,42645.50870833333,2026,4,20,0
N,Norte,2026-04-21,7894.817416666668,2026,4,21,1
NE,Nordeste,2026-04-21,12990.715375,2026,4,21,1
S,Sul,2026-04-21,13807.99233333333,2026,4,21,1
SE,Sudeste/Centro-Oeste,2026-04-21,41656.04349999999,2026,4,21,1
N,Norte,2026-04-22,8170.496375000002,2026,4,22,2
NE,Nordeste,2026-04-22,13683.16020833334,2026,4,22,2
S,Sul,2026-04-22,15477.11075,2026,4,22,2
SE,Sudeste/Centro-Oeste,2026-04-22,45331.15033333333,2026,4,22,2
N,Norte,2026-04-23,8184.03775,2026,4,23,3
NE,Nordeste,2026-04-23,13825.21425,2026,4,23,3
S,Sul,2026-04-23,15670.15408333334,2026,4,23,3
SE,Sudeste/Centro-Oeste,2026-04-23,45338.88554166667,2026,4,23,3
N,Norte,2026-04-24,8219.765333333335,2026,4,24,4
NE,Nordeste,2026-04-24,13834.70429166667,2026,4,24,4
S,Sul,2026-04-24,15383.79579166667,2026,4,24,4
SE,Sudeste/Centro-Oeste,2026-04-24,45848.87079166668,2026,4,24,4
N,Norte,2026-04-25,7947.120333333332,2026,4,25,5
NE,Nordeste,2026-04-25,12820.00379166667,2026,4,25,5
S,Sul,2026-04-25,13400.45691666666,2026,4,25,5
SE,Sudeste/Centro-Oeste,2026-04-25,42938.04729166667,2026,4,25,5
N,Norte,2026-04-26,7657.275708333334,2026,4,26,6
NE,Nordeste,2026-04-26,12023.28895833333,2026,4,26,6
S,Sul,2026-04-26,11667.08075,2026,4,26,6
SE,Sudeste/Centro-Oeste,2026-04-26,40211.35220833334,2026,4,26,6
N,Norte,2026-04-27,8503.124166666666,2026,4,27,0
NE,Nordeste,2026-04-27,13611.31116666667,2026,4,27,0
S,Sul,2026-04-27,13584.77458333333,2026,4,27,0
SE,Sudeste/Centro-Oeste,2026-04-27,47558.80979166666,2026,4,27,0
N,Norte,2026-04-28,8679.5175,2026,4,28,1
NE,Nordeste,2026-04-28,13925.17716666667,2026,4,28,1
S,Sul,2026-04-28,14168.17358333334,2026,4,28,1
SE,Sudeste/Centro-Oeste,2026-04-28,48006.49170833333,2026,4,28,1
N,Norte,2026-04-29,8847.652958333334,2026,4,29,2
NE,Nordeste,2026-04-29,13818.17933333333,2026,4,29,2
S,Sul,2026-04-29,14626.84745833334,2026,4,29,2
SE,Sudeste/Centro-Oeste,2026-04-29,48199.64387500001,2026,4,29,2
N,Norte,2026-04-30,8715.727083333335,2026,4,30,3
NE,Nordeste,2026-04-30,13589.84875,2026,4,30,3
S,Sul,2026-04-30,13756.207,2026,4,30,3
SE,Sudeste/Centro-Oeste,2026-04-30,47051.59979166666,2026,4,30,3
N,Norte,2026-05-01,7981.775625000002,2026,5,1,4
NE,Nordeste,2026-05-01,12429.18895833333,2026,5,1,4
S,Sul,2026-05-01,11162.46416666667,2026,5,1,4
SE,Sudeste/Centro-Oeste,2026-05-01,41156.77841666667,2026,5,1,4
N,Norte,2026-05-02,8212.359,2026,5,2,5
NE,Nordeste,2026-05-02,12206.11083333334,2026,5,2,5
S,Sul,2026-05-02,10857.88658333333,2026,5,2,5
SE,Sudeste/Centro-Oeste,2026-05-02,40543.816375,2026,5,2,5
N,Norte,2026-05-03,7772.998875,2026,5,3,6
NE,Nordeste,2026-05-03,11915.50691666666,2026,5,3,6
S,Sul,2026-05-03,8872.575375,2026,5,3,6
SE,Sudeste/Centro-Oeste,2026-05-03,37328.97866666667,2026,5,3,6
N,Norte,2026-05-04,8343.943375,2026,5,4,0
NE,Nordeste,2026-05-04,13326.9485,2026,5,4,0
S,Sul,2026-05-04,12616.0995,2026,5,4,0
SE,Sudeste/Centro-Oeste,2026-05-04,42847.24420833332,2026,5,4,0
N,Norte,2026-05-05,8398.088666666665,2026,5,5,1
NE,Nordeste,2026-05-05,13539.855125,2026,5,5,1
S,Sul,2026-05-05,13558.09325,2026,5,5,1
SE,Sudeste/Centro-Oeste,2026-05-05,44720.8645,2026,5,5,1
N,Norte,2026-05-06,8450.323541666667,2026,5,6,2
NE,Nordeste,2026-05-06,14074.55945833334,2026,5,6,2
S,Sul,2026-05-06,14482.4995,2026,5,6,2
SE,Sudeste/Centro-Oeste,2026-05-06,45743.64595833333,2026,5,6,2
N,Norte,2026-05-07,8490.560125,2026,5,7,3
NE,Nordeste,2026-05-07,13645.74966666667,2026,5,7,3
S,Sul,2026-05-07,14608.77204166666,2026,5,7,3
SE,Sudeste/Centro-Oeste,2026-05-07,47018.35333333333,2026,5,7,3
N,Norte,2026-05-08,8522.130416666667,2026,5,8,4
NE,Nordeste,2026-05-08,13641.182,2026,5,8,4
S,Sul,2026-05-08,14029.19529166666,2026,5,8,4
SE,Sudeste/Centro-Oeste,2026-05-08,47534.81420833334,2026,5,8,4
N,Norte,2026-05-09,8206.357750000001,2026,5,9,5
NE,Nordeste,2026-05-09,12851.13791666667,2026,5,9,5
S,Sul,2026-05-09,11683.80820833333,2026,5,9,5
SE,Sudeste/Centro-Oeste,2026-05-09,43994.1445,2026,5,9,5
N,Norte,2026-05-10,7727.952375000001,2026,5,10,6
NE,Nordeste,2026-05-10,12212.09041666666,2026,5,10,6
S,Sul,2026-05-10,9463.041708333332,2026,5,10,6
SE,Sudeste/Centro-Oeste,2026-05-10,38345.52416666666,2026,5,10,6
N,Norte,2026-05-11,8519.249416666664,2026,5,11,0
NE,Nordeste,2026-05-11,13242.394375,2026,5,11,0
S,Sul,2026-05-11,12595.856375,2026,5,11,0
SE,Sudeste/Centro-Oeste,2026-05-11,41788.47087500001,2026,5,11,0
N,Norte,2026-05-12,8437.862458333333,2026,5,12,1
NE,Nordeste,2026-05-12,13488.04675,2026,5,12,1
S,Sul,2026-05-12,13209.87508333333,2026,5,12,1
SE,Sudeste/Centro-Oeste,2026-05-12,41879.64304166666,2026,5,12,1
N,Norte,2026-05-13,8030.390458333332,2026,5,13,2
NE,Nordeste,2026-05-13,13390.155,2026,5,13,2
S,Sul,2026-05-13,13378.518625,2026,5,13,2
SE,Sudeste/Centro-Oeste,2026-05-13,42768.32216666667,2026,5,13,2
N,Norte,2026-05-14,8391.044958333334,2026,5,14,3
NE,Nordeste,2026-05-14,13577.359875,2026,5,14,3
S,Sul,2026-05-14,13622.124875,2026,5,14,3
SE,Sudeste/Centro-Oeste,2026-05-14,44186.66633333335,2026,5,14,3
N,Norte,2026-05-15,8435.204708333331,2026,5,15,4
NE,Nordeste,2026-05-15,13334.23920833333,2026,5,15,4
S,Sul,2026-05-15,14344.37045833333,2026,5,15,4
SE,Sudeste/Centro-Oeste,2026-05-15,45601.63254166667,2026,5,15,4
N,Norte,2026-05-16,8246.236833333332,2026,5,16,5
NE,Nordeste,2026-05-16,12573.53820833334,2026,5,16,5
S,Sul,2026-05-16,12471.90783333334,2026,5,16,5
SE,Sudeste/Centro-Oeste,2026-05-16,42359.03816666667,2026,5,16,5
N,Norte,2026-05-17,7877.216541666666,2026,5,17,6
NE,Nordeste,2026-05-17,11801.71245833333,2026,5,17,6
S,Sul,2026-05-17,11514.89895833333,2026,5,17,6
SE,Sudeste/Centro-Oeste,2026-05-17,39792.117625,2026,5,17,6
N,Norte,2026-05-18,8640.635083333334,2026,5,18,0
NE,Nordeste,2026-05-18,13126.79329166667,2026,5,18,0
S,Sul,2026-05-18,13722.37358333333,2026,5,18,0
SE,Sudeste/Centro-Oeste,2026-05-18,45250.37362500001,2026,5,18,0
N,Norte,2026-05-19,8670.201875,2026,5,19,1
NE,Nordeste,2026-05-19,13329.1745,2026,5,19,1
S,Sul,2026-05-19,14038.144625,2026,5,19,1
SE,Sudeste/Centro-Oeste,2026-05-19,45623.80845833333,2026,5,19,1
N,Norte,2026-05-20,8700.904083333333,2026,5,20,2
NE,Nordeste,2026-05-20,13466.02370833333,2026,5,20,2
S,Sul,2026-05-20,13742.01420833333,2026,5,20,2
SE,Sudeste/Centro-Oeste,2026-05-20,44537.24999999999,2026,5,20,2
N,Norte,2026-05-21,8533.751458333336,2026,5,21,3
NE,Nordeste,2026-05-21,13641.24079166667,2026,5,21,3
S,Sul,2026-05-21,13713.5975,2026,5,21,3
SE,Sudeste/Centro-Oeste,2026-05-21,43314.43666666667,2026,5,21,3
N,Norte,2026-05-22,8427.557041666665,2026,5,22,4
NE,Nordeste,2026-05-22,13582.25595833334,2026,5,22,4
S,Sul,2026-05-22,14456.00375,2026,5,22,4
SE,Sudeste/Centro-Oeste,2026-05-22,42793.23425,2026,5,22,4
N,Norte,2026-05-23,7926.302458333334,2026,5,23,5
NE,Nordeste,2026-05-23,12910.90591666667,2026,5,23,5
S,Sul,2026-05-23,12305.151625,2026,5,23,5
SE,Sudeste/Centro-Oeste,2026-05-23,39742.274,2026,5,23,5
N,Norte,2026-05-24,7518.656166666668,2026,5,24,6
NE,Nordeste,2026-05-24,11869.536375,2026,5,24,6
S,Sul,2026-05-24,10745.08983333333,2026,5,24,6
SE,Sudeste/Centro-Oeste,2026-05-24,36170.99387499999,2026,5,24,6
N,Norte,2026-05-25,8005.349958333333,2026,5,25,0
NE,Nordeste,2026-05-25,13246.25204166667,2026,5,25,0
S,Sul,2026-05-25,13893.17179166667,2026,5,25,0
SE,Sudeste/Centro-Oeste,2026-05-25,42091.838625,2026,5,25,0
N,Norte,2026-05-26,8145.931333333335,2026,5,26,1
NE,Nordeste,2026-05-26,13426.19558333333,2026,5,26,1
S,Sul,2026-05-26,14171.45791666667,2026,5,26,1
SE,Sudeste/Centro-Oeste,2026-05-26,43601.35354166666,2026,5,26,1
N,Norte,2026-05-27,8280.647916666667,2026,5,27,2
NE,Nordeste,2026-05-27,13655.60920833333,2026,5,27,2
S,Sul,2026-05-27,13255.13825,2026,5,27,2
SE,Sudeste/Centro-Oeste,2026-05-27,43960.53895833332,2026,5,27,2
N,Norte,2026-05-28,8331.751083333334,2026,5,28,3
NE,Nordeste,2026-05-28,13392.39720833334,2026,5,28,3
S,Sul,2026-05-28,13371.86591666666,2026,5,28,3
SE,Sudeste/Centro-Oeste,2026-05-28,42817.22845833333,2026,5,28,3
N,Norte,2026-05-29,8548.940041666665,2026,5,29,4
NE,Nordeste,2026-05-29,13400.09816666666,2026,5,29,4
S,Sul,2026-05-29,13604.567875,2026,5,29,4
SE,Sudeste/Centro-Oeste,2026-05-29,42532.39645833334,2026,5,29,4
N,Norte,2026-05-30,8343.704291666667,2026,5,30,5
NE,Nordeste,2026-05-30,12724.983375,2026,5,30,5
S,Sul,2026-05-30,11433.616125,2026,5,30,5
SE,Sudeste/Centro-Oeste,2026-05-30,39399.162625,2026,5,30,5
N,Norte,2026-05-31,7841.559250000001,2026,5,31,6
NE,Nordeste,2026-05-31,11874.37095833333,2026,5,31,6
S,Sul,2026-05-31,9991.305333333332,2026,5,31,6
SE,Sudeste/Centro-Oeste,2026-05-31,35604.83375,2026,5,31,6
N,Norte,2026-06-01,8217.894999999999,2026,6,1,0
NE,Nordeste,2026-06-01,13220.58154166667,2026,6,1,0
S,Sul,2026-06-01,13016.41816666667,2026,6,1,0
SE,Sudeste/Centro-Oeste,2026-06-01,40839.57191666668,2026,6,1,0
N,Norte,2026-06-02,7759.632708333334,2026,6,2,1
NE,Nordeste,2026-06-02,13540.288875,2026,6,2,1
S,Sul,2026-06-02,13520.975,2026,6,2,1
SE,Sudeste/Centro-Oeste,2026-06-02,41164.65079166667,2026,6,2,1
N,Norte,2026-06-03,8063.935458333333,2026,6,3,2
NE,Nordeste,2026-06-03,13690.16329166666,2026,6,3,2
S,Sul,2026-06-03,13425.90620833333,2026,6,3,2
SE,Sudeste/Centro-Oeste,2026-06-03,41140.43691666667,2026,6,3,2
N,Norte,2026-06-04,7924.882916666666,2026,6,4,3
NE,Nordeste,2026-06-04,12798.46504166667,2026,6,4,3
S,Sul,2026-06-04,12295.20395833333,2026,6,4,3
SE,Sudeste/Centro-Oeste,2026-06-04,38189.35608333334,2026,6,4,3
N,Norte,2026-06-05,8476.768791666665,2026,6,5,4
NE,Nordeste,2026-06-05,12948.39308333333,2026,6,5,4
S,Sul,2026-06-05,12694.803375,2026,6,5,4
SE,Sudeste/Centro-Oeste,2026-06-05,38779.63133333334,2026,6,5,4
N,Norte,2026-06-06,7767.669083333331,2026,6,6,5
NE,Nordeste,2026-06-06,12295.91575,2026,6,6,5
S,Sul,2026-06-06,11315.6975,2026,6,6,5
SE,Sudeste/Centro-Oeste,2026-06-06,36277.77491666667,2026,6,6,5
N,Norte,2026-06-07,7921.367875000001,2026,6,7,6
NE,Nordeste,2026-06-07,11365.79054166666,2026,6,7,6
S,Sul,2026-06-07,10592.69545833333,2026,6,7,6
SE,Sudeste/Centro-Oeste,2026-06-07,33861.844,2026,6,7,6
N,Norte,2026-06-08,8399.337291666667,2026,6,8,0
NE,Nordeste,2026-06-08,12806.02125,2026,6,8,0
S,Sul,2026-06-08,13880.48620833333,2026,6,8,0
SE,Sudeste/Centro-Oeste,2026-06-08,39493.87520833335,2026,6,8,0
N,Norte,2026-06-09,8266.591875,2026,6,9,1
NE,Nordeste,2026-06-09,13118.78216666666,2026,6,9,1
S,Sul,2026-06-09,14353.82333333333,2026,6,9,1
SE,Sudeste/Centro-Oeste,2026-06-09,41324.76270833334,2026,6,9,1
N,Norte,2026-06-10,8688.426625,2026,6,10,2
NE,Nordeste,2026-06-10,13045.136,2026,6,10,2
S,Sul,2026-06-10,15051.935125,2026,6,10,2
SE,Sudeste/Centro-Oeste,2026-06-10,42040.91970833333,2026,6,10,2
N,Norte,2026-06-11,8769.229666666666,2026,6,11,3
NE,Nordeste,2026-06-11,13080.14829166667,2026,6,11,3
S,Sul,2026-06-11,14705.218625,2026,6,11,3
SE,Sudeste/Centro-Oeste,2026-06-11,43121.88387500001,2026,6,11,3
N,Norte,2026-06-12,8957.164166666667,2026,6,12,4
NE,Nordeste,2026-06-12,13241.58525,2026,6,12,4
S,Sul,2026-06-12,14337.76525,2026,6,12,4
SE,Sudeste/Centro-Oeste,2026-06-12,43811.63491666667,2026,6,12,4
N,Norte,2026-06-13,8538.8035,2026,6,13,5
NE,Nordeste,2026-06-13,12636.65679166667,2026,6,13,5
S,Sul,2026-06-13,11827.63533333333,2026,6,13,5
SE,Sudeste/Centro-Oeste,2026-06-13,41329.84229166667,2026,6,13,5
N,Norte,2026-06-14,8322.036125,2026,6,14,6
NE,Nordeste,2026-06-14,12037.22625,2026,6,14,6
S,Sul,2026-06-14,10805.57079166666,2026,6,14,6
SE,Sudeste/Centro-Oeste,2026-06-14,38389.36083333333,2026,6,14,6
N,Norte,2026-06-15,8771.276166666665,2026,6,15,0
NE,Nordeste,2026-06-15,13388.56195833333,2026,6,15,0
S,Sul,2026-06-15,14305.4195,2026,6,15,0
SE,Sudeste/Centro-Oeste,2026-06-15,43704.44425000001,2026,6,15,0
N,Norte,2026-06-16,9030.369875,2026,6,16,1
NE,Nordeste,2026-06-16,13662.60095833333,2026,6,16,1
S,Sul,2026-06-16,14137.63795833334,2026,6,16,1
SE,Sudeste/Centro-Oeste,2026-06-16,43834.09183333333,2026,6,16,1
N,Norte,2026-06-17,8663.535333333333,2026,6,17,2
NE,Nordeste,2026-06-17,13771.51908333333,2026,6,17,2
S,Sul,2026-06-17,14091.91416666667,2026,6,17,2
SE,Sudeste/Centro-Oeste,2026-06-17,42435.68195833333,2026,6,17,2
N,Norte,2026-06-18,8633.468541666667,2026,6,18,3
NE,Nordeste,2026-06-18,13730.85291666667,2026,6,18,3
S,Sul,2026-06-18,14220.09875,2026,6,18,3
SE,Sudeste/Centro-Oeste,2026-06-18,40923.45033333333,2026,6,18,3
N,Norte,2026-06-19,8670.396124999997,2026,6,19,4
NE,Nordeste,2026-06-19,13382.89983333334,2026,6,19,4
S,Sul,2026-06-19,14543.47895833333,2026,6,19,4
SE,Sudeste/Centro-Oeste,2026-06-19,40769.73170833333,2026,6,19,4
N,Norte,2026-06-20,8524.513916666667,2026,6,20,5
NE,Nordeste,2026-06-20,12782.726125,2026,6,20,5
S,Sul,2026-06-20,12603.12683333333,2026,6,20,5
SE,Sudeste/Centro-Oeste,2026-06-20,39109.94658333334,2026,6,20,5
N,Norte,2026-06-21,8155.486583333332,2026,6,21,6
NE,Nordeste,2026-06-21,11807.01366666667,2026,6,21,6
S,Sul,2026-06-21,10650.739,2026,6,21,6
SE,Sudeste/Centro-Oeste,2026-06-21,35118.67908333334,2026,6,21,6
N,Norte,2026-06-22,8601.034625000002,2026,6,22,0
NE,Nordeste,2026-06-22,13193.24258333333,2026,6,22,0
S,Sul,2026-06-22,14367.57258333333,2026,6,22,0
SE,Sudeste/Centro-Oeste,2026-06-22,41043.74758333333,2026,6,22,0
N,Norte,2026-06-23,8756.549249999998,2026,6,23,1
NE,Nordeste,2026-06-23,13043.833375,2026,6,23,1
S,Sul,2026-06-23,14456.84383333333,2026,6,23,1
SE,Sudeste/Centro-Oeste,2026-06-23,43729.22970833333,2026,6,23,1
N,Norte,2026-06-24,8631.354125000002,2026,6,24,2
NE,Nordeste,2026-06-24,12363.17783333333,2026,6,24,2
S,Sul,2026-06-24,14394.20816666666,2026,6,24,2
SE,Sudeste/Centro-Oeste,2026-06-24,43937.08370833334,2026,6,24,2
N,Norte,2026-06-25,8406.684916666667,2026,6,25,3
NE,Nordeste,2026-06-25,13610.42604166667,2026,6,25,3
S,Sul,2026-06-25,14522.94916666667,2026,6,25,3
SE,Sudeste/Centro-Oeste,2026-06-25,43883.30504166667,2026,6,25,3
N,Norte,2026-06-26,8715.364666666666,2026,6,26,4
NE,Nordeste,2026-06-26,13835.20345833334,2026,6,26,4
S,Sul,2026-06-26,14329.96920833333,2026,6,26,4
SE,Sudeste/Centro-Oeste,2026-06-26,43803.03679166667,2026,6,26,4
N,Norte,2026-06-27,8414.094416666665,2026,6,27,5
NE,Nordeste,2026-06-27,13168.58816666667,2026,6,27,5
S,Sul,2026-06-27,12699.89345833333,2026,6,27,5
SE,Sudeste/Centro-Oeste,2026-06-27,40037.06854166667,2026,6,27,5
N,Norte,2026-06-28,8098.398250000002,2026,6,28,6
NE,Nordeste,2026-06-28,11638.70695833333,2026,6,28,6
S,Sul,2026-06-28,10709.49429166667,2026,6,28,6
SE,Sudeste/Centro-Oeste,2026-06-28,35880.37470833332,2026,6,28,6
N,Norte,2026-06-29,8377.493541666665,2026,6,29,0
NE,Nordeste,2026-06-29,12302.89858333333,2026,6,29,0
S,Sul,2026-06-29,12858.16629166667,2026,6,29,0
SE,Sudeste/Centro-Oeste,2026-06-29,39690.91220833334,2026,6,29,0
N,Norte,2026-06-30,8751.949375,2026,6,30,1
NE,Nordeste,2026-06-30,13194.72995833334,2026,6,30,1
S,Sul,2026-06-30,13837.82633333333,2026,6,30,1
SE,Sudeste/Centro-Oeste,2026-06-30,42374.89720833334,2026,6,30,1
N,Norte,2026-07-01,8818.992250000001,2026,7,1,2
NE,Nordeste,2026-07-01,13025.19854166666,2026,7,1,2
S,Sul,2026-07-01,13878.41883333334,2026,7,1,2
SE,Sudeste/Centro-Oeste,2026-07-01,42663.338125,2026,7,1,2
N,Norte,2026-07-02,8717.151125000002,2026,7,2,3
NE,Nordeste,2026-07-02,12905.06604166667,2026,7,2,3
S,Sul,2026-07-02,14069.283125,2026,7,2,3
SE,Sudeste/Centro-Oeste,2026-07-02,42488.66879166666,2026,7,2,3
N,Norte,2026-07-03,8949.708791666666,2026,7,3,4
NE,Nordeste,2026-07-03,13156.70370833333,2026,7,3,4
S,Sul,2026-07-03,14011.25920833334,2026,7,3,4
SE,Sudeste/Centro-Oeste,2026-07-03,41757.163375,2026,7,3,4
N,Norte,2026-07-04,8653.924666666668,2026,7,4,5
NE,Nordeste,2026-07-04,12715.782,2026,7,4,5
S,Sul,2026-07-04,11987.26366666666,2026,7,4,5
SE,Sudeste/Centro-Oeste,2026-07-04,38222.36075,2026,7,4,5
N,Norte,2026-07-05,8299.797541666665,2026,7,5,6
NE,Nordeste,2026-07-05,11751.80675,2026,7,5,6
S,Sul,2026-07-05,10243.84270833333,2026,7,5,6
SE,Sudeste/Centro-Oeste,2026-07-05,34332.87883333334,2026,7,5,6
N,Norte,2026-07-06,8883.304916666668,2026,7,6,0
NE,Nordeste,2026-07-06,12993.04370833334,2026,7,6,0
S,Sul,2026-07-06,13852.39495833333,2026,7,6,0
SE,Sudeste/Centro-Oeste,2026-07-06,40276.34129166666,2026,7,6,0
N,Norte,2026-07-07,8927.87325,2026,7,7,1
NE,Nordeste,2026-07-07,13218.41120833333,2026,7,7,1
S,Sul,2026-07-07,13872.04208333333,2026,7,7,1
SE,Sudeste/Centro-Oeste,2026-07-07,41590.72795833334,2026,7,7,1
N,Norte,2026-07-08,8934.155541666669,2026,7,8,2
NE,Nordeste,2026-07-08,13621.71645833334,2026,7,8,2
S,Sul,2026-07-08,13987.51095833333,2026,7,8,2
SE,Sudeste/Centro-Oeste,2026-07-08,41538.51329166666,2026,7,8,2
N,Norte,2026-07-09,8931.362,2026,7,9,3
NE,Nordeste,2026-07-09,13653.586125,2026,7,9,3
S,Sul,2026-07-09,14143.126,2026,7,9,3
SE,Sudeste/Centro-Oeste,2026-07-09,40294.275375,2026,7,9,3
N,Norte,2026-07-10,8942.895958333334,2026,7,10,4
NE,Nordeste,2026-07-10,13524.970625,2026,7,10,4
S,Sul,2026-07-10,14423.302125,2026,7,10,4
SE,Sudeste/Centro-Oeste,2026-07-10,41057.801875,2026,7,10,4
N,Norte,2026-07-11,8595.369166666667,2026,7,11,5
NE,Nordeste,2026-07-11,12892.564375,2026,7,11,5
S,Sul,2026-07-11,12521.05820833333,2026,7,11,5
SE,Sudeste/Centro-Oeste,2026-07-11,38657.344875,2026,7,11,5
N,Norte,2026-07-12,8300.352874999999,2026,7,12,6
NE,Nordeste,2026-07-12,12049.32570833334,2026,7,12,6
S,Sul,2026-07-12,10560.1685,2026,7,12,6
SE,Sudeste/Centro-Oeste,2026-07-12,36570.41866666667,2026,7,12,6
N,Norte,2026-07-13,9083.986416666668,2026,7,13,0
NE,Nordeste,2026-07-13,13770.17870833333,2026,7,13,0
S,Sul,2026-07-13,13679.61945833334,2026,7,13,0
SE,Sudeste/Centro-Oeste,2026-07-13,40739.47000000001,2026,7,13,0
N,Norte,2026-07-14,9082.118333333334,2026,7,14,1
NE,Nordeste,2026-07-14,14307.02070833333,2026,7,14,1
S,Sul,2026-07-14,13983.82408333334,2026,7,14,1
SE,Sudeste/Centro-Oeste,2026-07-14,40611.31425,2026,7,14,1
N,Norte,2026-07-15,8735.200208333334,2026,7,15,2
NE,Nordeste,2026-07-15,13967.05454166666,2026,7,15,2
S,Sul,2026-07-15,13737.85008333333,2026,7,15,2
SE,Sudeste/Centro-Oeste,2026-07-15,40913.99141666666,2026,7,15,2
N,Norte,2026-07-16,8517.773708333334,2026,7,16,3
NE,Nordeste,2026-07-16,12940.34254166667,2026,7,16,3
S,Sul,2026-07-16,13733.58891666666,2026,7,16,3
SE,Sudeste/Centro-Oeste,2026-07-16,41402.32637499999,2026,7,16,3
N,Norte,2026-07-17,8482.145000000002,2026,7,17,4
NE,Nordeste,2026-07-17,12837.33575,2026,7,17,4
S,Sul,2026-07-17,13900.4975,2026,7,17,4
SE,Sudeste/Centro-Oeste,2026-07-17,41417.96883333333,2026,7,17,4
N,Norte,2026-07-18,8425.549541666665,2026,7,18,5
NE,Nordeste,2026-07-18,12467.93008333334,2026,7,18,5
S,Sul,2026-07-18,12192.27233333333,2026,7,18,5
SE,Sudeste/Centro-Oeste,2026-07-18,38140.98791666667,2026,7,18,5
N,Norte,2026-07-19,8345.135625,2026,7,19,6
NE,Nordeste,2026-07-19,11404.609,2026,7,19,6
S,Sul,2026-07-19,10877.265375,2026,7,19,6
SE,Sudeste/Centro-Oeste,2026-07-19,35179.00254166665,2026,7,19,6
N,Norte,2026-07-20,8775.987166666668,2026,7,20,0
NE,Nordeste,2026-07-20,12858.00895833334,2026,7,20,0
S,Sul,2026-07-20,13937.48283333334,2026,7,20,0
SE,Sudeste/Centro-Oeste,2026-07-20,41465.26420833334,2026,7,20,0
N,Norte,2026-07-21,8868.933624999998,2026,7,21,1
NE,Nordeste,2026-07-21,13409.56666666667,2026,7,21,1
S,Sul,2026-07-21,14653.85633333333,2026,7,21,1
SE,Sudeste/Centro-Oeste,2026-07-21,43009.22029166666,2026,7,21,1
N,Norte,2026-07-22,9091.460291666666,2026,7,22,2
NE,Nordeste,2026-07-22,13435.70366666667,2026,7,22,2
S,Sul,2026-07-22,14654.20254166667,2026,7,22,2
SE,Sudeste/Centro-Oeste,2026-07-22,42263.49683333335,2026,7,22,2
N,Norte,2026-07-23,8932.17025,2026,7,23,3
NE,Nordeste,2026-07-23,13715.18145833333,2026,7,23,3
S,Sul,2026-07-23,13890.86029166667,2026,7,23,3
SE,Sudeste/Centro-Oeste,2026-07-23,43582.47533333333,2026,7,23,3
N,Norte,2026-07-24,8874.559791666665,2026,7,24,4
NE,Nordeste,2026-07-24,13435.823,2026,7,24,4
S,Sul,2026-07-24,13952.72379166666,2026,7,24,4
SE,Sudeste/Centro-Oeste,2026-07-24,44253.36183333333,2026,7,24,4
N,Norte,2026-07-25,8506.385,2026,7,25,5
NE,Nordeste,2026-07-25,12980.16783333334,2026,7,25,5
S,Sul,2026-07-25,11688.70733333333,2026,7,25,5
SE,Sudeste/Centro-Oeste,2026-07-25,41456.17283333334,2026,7,25,5
N,Norte,2026-07-26,8578.224041666666,2026,7,26,6
NE,Nordeste,2026-07-26,12196.74241666667,2026,7,26,6
S,Sul,2026-07-26,10277.02166666667,2026,7,26,6
SE,Sudeste/Centro-Oeste,2026-07-26,37115.50704166666,2026,7,26,6
N,Norte,2026-07-27,9280.761041666668,2026,7,27,0
NE,Nordeste,2026-07-27,13569.029125,2026,7,27,0
S,Sul,2026-07-27,13320.04325,2026,7,27,0
SE,Sudeste/Centro-Oeste,2026-07-27,42387.31083333332,2026,7,27,0
N,Norte,2026-07-28,9258.1925,2026,7,28,1
NE,Nordeste,2026-07-28,13784.594625,2026,7,28,1
S,Sul,2026-07-28,13973.33141666667,2026,7,28,1
SE,Sudeste/Centro-Oeste,2026-07-28,43760.377625,2026,7,28,1
N,Norte,2026-07-29,9354.975666666667,2026,7,29,2
NE,Nordeste,2026-07-29,13575.438625,2026,7,29,2
S,Sul,2026-07-29,13828.726,2026,7,29,2
SE,Sudeste/Centro-Oeste,2026-07-29,43904.62779166667,2026,7,29,2
N,Norte,2026-07-30,9388.544333333331,2026,7,30,3
NE,Nordeste,2026-07-30,13649.34545833334,2026,7,30,3
S,Sul,2026-07-30,13831.588875,2026,7,30,3
SE,Sudeste/Centro-Oeste,2026-07-30,43962.215875,2026,7,30,3
N,Norte,2026-07-31,9320.628083333331,2026,7,31,4
NE,Nordeste,2026-07-31,13520.7935,2026,7,31,4
S,Sul,2026-07-31,13405.63616666667,2026,7,31,4
SE,Sudeste/Centro-Oeste,2026-07-31,43219.74925,2026,7,31,4
N,Norte,2026-08-01,8857.468333333334,2026,8,1,5
NE,Nordeste,2026-08-01,12684.65708333333,2026,8,1,5
S,Sul,2026-08-01,11414.193875,2026,8,1,5
SE,Sudeste/Centro-Oeste,2026-08-01,39873.97841666666,2026,8,1,5
N,Norte,2026-08-02,8549.325625000001,2026,8,2,6
NE,Nordeste,2026-08-02,11659.45108333333,2026,8,2,6
S,Sul,2026-08-02,10190.01070833333,2026,8,2,6
SE,Sudeste/Centro-Oeste,2026-08-02,36202.11566666667,2026,8,2,6
N,Norte,2026-08-03,9229.608375,2026,8,3,0
NE,Nordeste,2026-08-03,13280.49004166667,2026,8,3,0
S,Sul,2026-08-03,13417.22870833333,2026,8,3,0
SE,Sudeste/Centro-Oeste,2026-08-03,41745.07275,2026,8,3,0
N,Norte,2026-08-04,9279.444958333332,2026,8,4,1
NE,Nordeste,2026-08-04,13562.139125,2026,8,4,1
S,Sul,2026-08-04,13819.30875,2026,8,4,1
SE,Sudeste/Centro-Oeste,2026-08-04,42826.10979166667,2026,8,4,1
N,Norte,2026-08-05,9453.346125000002,2026,8,5,2
NE,Nordeste,2026-08-05,13330.45229166667,2026,8,5,2
S,Sul,2026-08-05,14389.599375,2026,8,5,2
SE,Sudeste/Centro-Oeste,2026-08-05,43691.18349999999,2026,8,5,2
N,Norte,2026-08-06,9582.138833333336,2026,8,6,3
NE,Nordeste,2026-08-06,13635.30220833333,2026,8,6,3
S,Sul,2026-08-06,14258.33908333333,2026,8,6,3
SE,Sudeste/Centro-Oeste,2026-08-06,44709.45933333336,2026,8,6,3
N,Norte,2026-08-07,9596.6825,2026,8,7,4
NE,Nordeste,2026-08-07,13986.70866666667,2026,8,7,4
S,Sul,2026-08-07,13622.716875,2026,8,7,4
SE,Sudeste/Centro-Oeste,2026-08-07,45960.01058333333,2026,8,7,4
N,Norte,2026-08-08,9341.546291666664,2026,8,8,5
NE,Nordeste,2026-08-08,13534.62604166667,2026,8,8,5
S,Sul,2026-08-08,12184.47575,2026,8,8,5
SE,Sudeste/Centro-Oeste,2026-08-08,42906.69033333333,2026,8,8,5
N,Norte,2026-08-09,8927.725791666668,2026,8,9,6
NE,Nordeste,2026-08-09,12624.61341666666,2026,8,9,6
S,Sul,2026-08-09,10485.722375,2026,8,9,6
SE,Sudeste/Centro-Oeste,2026-08-09,39830.62116666666,2026,8,9,6
N,Norte,2026-08-10,9700.967333333336,2026,8,10,0
NE,Nordeste,2026-08-10,14086.61004166666,2026,8,10,0
S,Sul,2026-08-10,13737.38370833333,2026,8,10,0
SE,Sudeste/Centro-Oeste,2026-08-10,44553.87158333333,2026,8,10,0
N,Norte,2026-08-11,9759.957208333331,2026,8,11,1
NE,Nordeste,2026-08-11,14088.70483333333,2026,8,11,1
S,Sul,2026-08-11,14851.93541666666,2026,8,11,1
SE,Sudeste/Centro-Oeste,2026-08-11,43672.95845833333,2026,8,11,1
N,Norte,2026-08-12,9576.382166666668,2026,8,12,2
NE,Nordeste,2026-08-12,13757.86666666667,2026,8,12,2
S,Sul,2026-08-12,14598.10166666667,2026,8,12,2
SE,Sudeste/Centro-Oeste,2026-08-12,44003.80512500001,2026,8,12,2
N,Norte,2026-08-13,9670.312750000005,2026,8,13,3
NE,Nordeste,2026-08-13,13745.82133333333,2026,8,13,3
S,Sul,2026-08-13,14713.23366666667,2026,8,13,3
SE,Sudeste/Centro-Oeste,2026-08-13,45608.58875,2026,8,13,3
N,Norte,2026-08-14,9743.060375,2026,8,14,4
NE,Nordeste,2026-08-14,13740.75895833333,2026,8,14,4
S,Sul,2026-08-14,14429.131375,2026,8,14,4
SE,Sudeste/Centro-Oeste,2026-08-14,46409.90704166667,2026,8,14,4
N,Norte,2026-08-15,9340.832416666666,2026,8,15,5
NE,Nordeste,2026-08-15,13205.92091666666,2026,8,15,5
S,Sul,2026-08-15,12066.882625,2026,8,15,5
SE,Sudeste/Centro-Oeste,2026-08-15,42314.76004166667,2026,8,15,5
N,Norte,2026-08-16,9038.580583333332,2026,8,16,6
NE,Nordeste,2026-08-16,12275.67183333333,2026,8,16,6
S,Sul,2026-08-16,10688.99408333333,2026,8,16,6
SE,Sudeste/Centro-Oeste,2026-08-16,38116.94008333333,2026,8,16,6
N,Norte,2026-08-17,9605.799250000002,2026,8,17,0
NE,Nordeste,2026-08-17,13796.62108333333,2026,8,17,0
S,Sul,2026-08-17,13931.17075,2026,8,17,0
SE,Sudeste/Centro-Oeste,2026-08-17,44370.15624999999,2026,8,17,0
N,Norte,2026-08-18,9566.932541666663,2026,8,18,1
NE,Nordeste,2026-08-18,13988.58158333333,2026,8,18,1
S,Sul,2026-08-18,14684.69516666666,2026,8,18,1
SE,Sudeste/Centro-Oeste,2026-08-18,45768.10200000001,2026,8,18,1
N,Norte,2026-08-19,9674.780916666668,2026,8,19,2
NE,Nordeste,2026-08-19,13932.38416666666,2026,8,19,2
S,Sul,2026-08-19,14904.544625,2026,8,19,2
SE,Sudeste/Centro-Oeste,2026-08-19,46588.67220833333,2026,8,19,2
N,Norte,2026-08-20,9796.394125,2026,8,20,3
NE,Nordeste,2026-08-20,13819.42216666666,2026,8,20,3
S,Sul,2026-08-20,14617.072,2026,8,20,3
SE,Sudeste/Centro-Oeste,2026-08-20,46496.09004166666,2026,8,20,3
N,Norte,2026-08-21,9848.61725,2026,8,21,4
NE,Nordeste,2026-08-21,13771.44445833333,2026,8,21,4
S,Sul,2026-08-21,13922.85220833333,2026,8,21,4
SE,Sudeste/Centro-Oeste,2026-08-21,45836.608,2026,8,21,4
N,Norte,2026-08-22,9258.766583333334,2026,8,22,5
NE,Nordeste,2026-08-22,13323.22691666667,2026,8,22,5
S,Sul,2026-08-22,11836.40158333333,2026,8,22,5
SE,Sudeste/Centro-Oeste,2026-08-22,41020.07320833334,2026,8,22,5
N,Norte,2026-08-23,8920.264291666666,2026,8,23,6
NE,Nordeste,2026-08-23,12656.72141666667,2026,8,23,6
S,Sul,2026-08-23,10707.45016666667,2026,8,23,6
SE,Sudeste/Centro-Oeste,2026-08-23,37638.525,2026,8,23,6
N,Norte,2026-08-24,9709.279124999995,2026,8,24,0
NE,Nordeste,2026-08-24,14122.20904166666,2026,8,24,0
S,Sul,2026-08-24,13793.21441666667,2026,8,24,0
SE,Sudeste/Centro-Oeste,2026-08-24,43807.645,2026,8,24,0
N,Norte,2026-08-25,9750.321541666666,2026,8,25,1
NE,Nordeste,2026-08-25,14151.03641666667,2026,8,25,1
S,Sul,2026-08-25,14772.44504166666,2026,8,25,1
SE,Sudeste/Centro-Oeste,2026-08-25,45190.33683333333,2026,8,25,1
N,Norte,2026-08-26,9940.973999999998,2026,8,26,2
NE,Nordeste,2026-08-26,14299.814125,2026,8,26,2
S,Sul,2026-08-26,14717.64879166667,2026,8,26,2
SE,Sudeste/Centro-Oeste,2026-08-26,46337.30925,2026,8,26,2
N,Norte,2026-08-27,9958.126708333331,2026,8,27,3
NE,Nordeste,2026-08-27,14520.42125,2026,8,27,3
S,Sul,2026-08-27,14573.802,2026,8,27,3
SE,Sudeste/Centro-Oeste,2026-08-27,46224.83887500001,2026,8,27,3
N,Norte,2026-08-28,9937.631666666666,2026,8,28,4
NE,Nordeste,2026-08-28,14580.781,2026,8,28,4
S,Sul,2026-08-28,15297.096625,2026,8,28,4
SE,Sudeste/Centro-Oeste,2026-08-28,46730.337,2026,8,28,4
N,Norte,2026-08-29,9582.626333333332,2026,8,29,5
NE,Nordeste,2026-08-29,13692.54445833333,2026,8,29,5
S,Sul,2026-08-29,13383.085375,2026,8,29,5
SE,Sudeste/Centro-Oeste,2026-08-29,45173.93041666666,2026,8,29,5
N,Norte,2026-08-30,9301.642791666667,2026,8,30,6
NE,Nordeste,2026-08-30,12843.30229166667,2026,8,30,6
S,Sul,2026-08-30,11601.50758333333,2026,8,30,6
SE,Sudeste/Centro-Oeste,2026-08-30,42373.99450000001,2026,8,30,6
N,Norte,2026-08-31,10061.932,2026,8,31,0
NE,Nordeste,2026-08-31,14530.57595833333,2026,8,31,0
S,Sul,2026-08-31,14311.22525,2026,8,31,0
SE,Sudeste/Centro-Oeste,2026-08-31,48148.70012500001,2026,8,31,0
N,Norte,2026-09-01,10111.23645833333,2026,9,1,1
NE,Nordeste,2026-09-01,14667.07716666667,2026,9,1,1
S,Sul,2026-09-01,13785.73945833334,2026,9,1,1
SE,Sudeste/Centro-Oeste,2026-09-01,48580.72066666667,2026,9,1,1
N,Norte,2026-09-02,10103.41129166667,2026,9,2,2
NE,Nordeste,2026-09-02,14950.10925,2026,9,2,2
S,Sul,2026-09-02,13441.58008333333,2026,9,2,2
SE,Sudeste/Centro-Oeste,2026-09-02,46515.62558333333,2026,9,2,2
N,Norte,2026-09-03,10044.70229166667,2026,9,3,3
NE,Nordeste,2026-09-03,15002.65008333333,2026,9,3,3
S,Sul,2026-09-03,13382.51995833334,2026,9,3,3
SE,Sudeste/Centro-Oeste,2026-09-03,44796.39416666667,2026,9,3,3
